player,total_runs,balls_faced,innings,dismissals,strike_rate,batting_avg,recent_strike_rate,ball_bowled,runs_conceded,matches,wickets,economy,bowling_avg,recent_economy
A Ashish Reddy,280.0,196.0,23.0,15.0,142.85714285714286,18.666666666666668,120.44444444444443,270.0,400.0,20.0,18.0,8.88888888888889,22.22222222222222,9.0
A Badoni,963.0,740.0,46.0,36.0,130.13513513513513,26.75,138.01981201981204,35.0,50.0,7.0,4.0,8.571428571428571,12.5,7.142857142857143
A Chandila,0.0,,0.0,,118.80341880341881,19.727272727272727,93.82142857142857,234.0,245.0,12.0,11.0,6.282051282051282,22.272727272727273,6.4
A Chopra,53.0,75.0,6.0,5.0,70.66666666666667,10.6,62.977777777777774,,,,0.0,8.529553786998122,31.396128841607563,9.1
A Choudhary,0.0,,0.0,,118.80341880341881,19.727272727272727,93.82142857142857,108.0,144.0,5.0,5.0,8.0,28.8,8.470588235294118
A Dananjaya,0.0,,0.0,,118.80341880341881,19.727272727272727,93.82142857142857,25.0,47.0,1.0,0.0,11.28,31.396128841607563,11.75
A Flintoff,0.0,,0.0,,118.80341880341881,19.727272727272727,93.82142857142857,66.0,106.0,3.0,2.0,9.636363636363637,53.0,9.636363636363637
A Kamboj,16.0,15.0,6.0,2.0,106.66666666666667,8.0,138.33333333333334,198.0,288.0,11.0,10.0,8.727272727272727,28.8,8.5
A Kumble,35.0,49.0,15.0,2.0,71.42857142857143,17.5,63.333333333333336,983.0,1089.0,42.0,45.0,6.646998982706002,24.2,7.233333333333333
A Manohar,292.0,243.0,20.0,19.0,120.16460905349795,15.368421052631579,63.24324324324324,,,,0.0,8.529553786998122,31.396128841607563,9.1
A Mhatre,240.0,131.0,7.0,7.0,183.206106870229,34.285714285714285,139.94444444444443,,,,0.0,8.529553786998122,31.396128841607563,9.1
A Mishra,381.0,440.0,55.0,30.0,86.5909090909091,12.7,87.21212121212123,3444.0,4193.0,162.0,174.0,7.304878048780488,24.097701149425287,7.866666666666666
A Mithun,34.0,26.0,6.0,5.0,130.76923076923077,6.8,116.07142857142858,312.0,477.0,16.0,7.0,9.173076923076923,68.14285714285714,9.6
A Nehra,41.0,63.0,17.0,8.0,65.07936507936508,5.125,25.0,1974.0,2537.0,88.0,106.0,7.711246200607903,23.933962264150942,9.033333333333333
A Nel,0.0,,0.0,,118.80341880341881,19.727272727272727,93.82142857142857,18.0,31.0,1.0,1.0,10.333333333333334,31.0,10.333333333333334
A Nortje,49.0,51.0,13.0,5.0,96.07843137254902,9.8,41.42857142857143,1142.0,1701.0,48.0,61.0,8.936952714535902,27.885245901639344,13.233333333333333
A Raghuvanshi,463.0,326.0,18.0,16.0,142.0245398773006,28.9375,122.16240041791825,,,,0.0,8.529553786998122,31.396128841607563,9.1
A Singh,0.0,,0.0,,118.80341880341881,19.727272727272727,93.82142857142857,486.0,639.0,23.0,28.0,7.888888888888889,22.821428571428573,9.966666666666667
A Symonds,974.0,781.0,36.0,26.0,124.71190781049937,37.46153846153846,84.61152882205513,540.0,694.0,30.0,20.0,7.711111111111111,34.7,7.7
A Uniyal,0.0,,0.0,,118.80341880341881,19.727272727272727,93.82142857142857,38.0,67.0,2.0,2.0,10.578947368421053,33.5,11.166666666666666
A Zampa,0.0,,0.0,,118.80341880341881,19.727272727272727,93.82142857142857,475.0,656.0,22.0,31.0,8.286315789473683,21.161290322580644,9.433333333333334
AA Bilakhia,69.0,88.0,7.0,5.0,78.4090909090909,13.8,78.52380952380952,,,,0.0,8.529553786998122,31.396128841607563,9.1
AA Chavan,0.0,,0.0,,118.80341880341881,19.727272727272727,93.82142857142857,255.0,339.0,13.0,8.0,7.976470588235294,42.375,8.533333333333333
AA Jhunjhunwala,217.0,218.0,15.0,14.0,99.54128440366972,15.5,64.83333333333334,88.0,130.0,10.0,1.0,8.863636363636363,130.0,8.666666666666666
AA Kazi,0.0,,0.0,,118.80341880341881,19.727272727272727,93.82142857142857,13.0,21.0,1.0,0.0,9.692307692307693,31.396128841607563,10.5
AA Noffke,0.0,,0.0,,118.80341880341881,19.727272727272727,93.82142857142857,25.0,41.0,1.0,1.0,9.84,41.0,10.25
AB Agarkar,179.0,160.0,18.0,8.0,111.87499999999999,22.375,101.71428571428571,820.0,1174.0,42.0,29.0,8.590243902439026,40.48275862068966,9.4
AB Dinda,26.0,50.0,16.0,9.0,52.0,2.888888888888889,57.5,1589.0,2103.0,75.0,69.0,7.940843297671492,30.47826086956522,8.533333333333333
AB McDonald,123.0,103.0,9.0,5.0,119.41747572815532,24.6,97.46639325586693,188.0,263.0,10.0,11.0,8.393617021276595,23.90909090909091,8.433333333333334
AB de Villiers,5181.0,3487.0,170.0,125.0,148.58044164037855,41.448,177.69119769119771,,,,0.0,8.529553786998122,31.396128841607563,9.1
AC Blizzard,120.0,91.0,7.0,7.0,131.86813186813185,17.142857142857142,85.03896103896105,,,,0.0,8.529553786998122,31.396128841607563,9.1
AC Gilchrist,2069.0,1555.0,80.0,76.0,133.05466237942122,27.223684210526315,132.96897134139698,1.0,0.0,1.0,1.0,0.0,0.0,0.0
AC Thomas,0.0,,0.0,,118.80341880341881,19.727272727272727,93.82142857142857,327.0,416.0,15.0,14.0,7.63302752293578,29.714285714285715,8.666666666666666
AC Voges,181.0,143.0,7.0,6.0,126.57342657342659,30.166666666666668,103.03831474110112,56.0,76.0,7.0,0.0,8.142857142857142,31.396128841607563,8.444444444444445
AD Hales,148.0,119.0,6.0,6.0,124.36974789915966,24.666666666666668,111.40277777777779,,,,0.0,8.529553786998122,31.396128841607563,9.1
AD Mascarenhas,79.0,79.0,11.0,10.0,100.0,7.9,78.0,310.0,365.0,13.0,19.0,7.064516129032258,19.210526315789473,7.033333333333333
AD Mathews,724.0,599.0,41.0,31.0,120.86811352253757,23.35483870967742,78.34210526315789,807.0,1095.0,44.0,27.0,8.141263940520446,40.55555555555556,8.5
AD Nath,90.0,99.0,10.0,10.0,90.9090909090909,9.0,93.82142857142857,,,,0.0,8.529553786998122,31.396128841607563,9.1
AD Russell,2655.0,1626.0,114.0,92.0,163.28413284132841,28.858695652173914,129.94397759103646,1885.0,2909.0,121.0,123.0,9.25941644562334,23.650406504065042,10.533333333333333
AF Milne,23.0,31.0,6.0,5.0,74.19354838709677,4.6,50.14705882352941,217.0,339.0,10.0,7.0,9.373271889400922,48.42857142857143,9.733333333333333
AG Murtaza,0.0,,0.0,,118.80341880341881,19.727272727272727,93.82142857142857,269.0,322.0,12.0,9.0,7.182156133828996,35.77777777777778,7.3
AJ Finch,2092.0,1696.0,90.0,83.0,123.34905660377358,25.204819277108435,98.2843137254902,44.0,67.0,5.0,1.0,9.136363636363637,67.0,8.375
AJ Hosein,0.0,,0.0,,118.80341880341881,19.727272727272727,93.82142857142857,24.0,41.0,1.0,1.0,10.25,41.0,10.25
AJ Turner,24.0,31.0,6.0,5.0,77.41935483870968,4.8,48.77344877344878,,,,0.0,8.529553786998122,31.396128841607563,9.1
AJ Tye,91.0,79.0,13.0,8.0,115.18987341772151,11.375,42.59740259740259,714.0,1005.0,30.0,42.0,8.445378151260504,23.928571428571427,11.033333333333333
AK Markram,1440.0,1093.0,55.0,46.0,131.74748398902105,31.304347826086957,133.96083916083916,191.0,275.0,19.0,6.0,8.638743455497382,45.833333333333336,8.8
AL Menaria,401.0,367.0,23.0,22.0,109.26430517711172,18.227272727272727,93.76317799847212,113.0,144.0,12.0,3.0,7.646017699115045,48.0,7.578947368421052
AM Nayar,672.0,588.0,50.0,39.0,114.28571428571428,17.23076923076923,89.0079365079365,239.0,323.0,19.0,9.0,8.10878661087866,35.888888888888886,8.066666666666666
AM Rahane,5032.0,4133.0,183.0,167.0,121.75175417372368,30.131736526946106,150.65028830818306,6.0,5.0,1.0,1.0,5.0,5.0,5.0
AM Salvi,0.0,,0.0,,118.80341880341881,19.727272727272727,93.82142857142857,156.0,205.0,7.0,7.0,7.884615384615385,29.285714285714285,8.2
AN Ahmed,36.0,27.0,6.0,1.0,133.33333333333331,36.0,217.6923076923077,362.0,515.0,17.0,12.0,8.535911602209945,42.916666666666664,8.833333333333334
AP Dole,0.0,,0.0,,118.80341880341881,19.727272727272727,93.82142857142857,73.0,114.0,3.0,5.0,9.36986301369863,22.8,10.363636363636363
AP Tare,339.0,285.0,27.0,24.0,118.94736842105263,14.125,31.428571428571427,,,,0.0,8.529553786998122,31.396128841607563,9.1
AR Patel,1916.0,1489.0,123.0,88.0,128.67696440564137,21.772727272727273,138.2507326007326,3371.0,4138.0,160.0,128.0,7.365173539009196,32.328125,9.0
AS Joseph,0.0,,0.0,,118.80341880341881,19.727272727272727,93.82142857142857,454.0,707.0,22.0,21.0,9.343612334801762,33.666666666666664,10.533333333333333
AS Rajpoot,26.0,41.0,7.0,4.0,63.41463414634146,6.5,67.77777777777777,567.0,844.0,29.0,24.0,8.931216931216932,35.166666666666664,11.166666666666666
AS Raut,194.0,172.0,16.0,11.0,112.79069767441861,17.636363636363637,86.73015873015873,30.0,45.0,5.0,0.0,9.0,31.396128841607563,9.0
AS Roy,26.0,25.0,7.0,4.0,104.0,6.5,77.14285714285714,167.0,218.0,10.0,6.0,7.832335329341317,36.333333333333336,8.074074074074074
AS Yadav,49.0,40.0,6.0,7.0,122.50000000000001,7.0,101.28571428571429,,,,0.0,8.529553786998122,31.396128841607563,9.1
AT Rayudu,4348.0,3490.0,185.0,151.0,124.58452722063038,28.794701986754966,144.08008658008657,,,,0.0,8.529553786998122,31.396128841607563,9.1
AU Rashid,0.0,,0.0,,118.80341880341881,19.727272727272727,93.82142857142857,60.0,91.0,3.0,2.0,9.1,45.5,9.1
AUK Pathan,39.0,26.0,7.0,5.0,150.0,7.8,111.66666666666667,41.0,63.0,3.0,0.0,9.219512195121952,31.396128841607563,9.0
Abdul Samad,743.0,506.0,51.0,41.0,146.83794466403162,18.121951219512194,78.33333333333334,57.0,119.0,6.0,2.0,12.526315789473685,59.5,11.9
Abdur Razzak,0.0,,0.0,,118.80341880341881,19.727272727272727,93.82142857142857,14.0,29.0,1.0,0.0,12.428571428571427,31.396128841607563,14.5
Abhishek Sharma,1816.0,1167.0,74.0,67.0,155.61268209083119,27.104477611940297,160.49626701800614,345.0,509.0,32.0,11.0,8.852173913043478,46.27272727272727,9.7
Abishek Porel,661.0,454.0,29.0,29.0,145.59471365638768,22.79310344827586,148.8138528138528,,,,0.0,8.529553786998122,31.396128841607563,9.1
Akash Deep,0.0,,0.0,,118.80341880341881,19.727272727272727,93.82142857142857,302.0,554.0,14.0,10.0,11.006622516556291,55.4,12.9
Akash Madhwal,0.0,,0.0,,118.80341880341881,19.727272727272727,93.82142857142857,376.0,598.0,17.0,23.0,9.542553191489363,26.0,11.8
Akash Singh,0.0,,0.0,,118.80341880341881,19.727272727272727,93.82142857142857,208.0,326.0,10.0,9.0,9.403846153846155,36.22222222222222,9.3
Aman Hakim Khan,115.0,109.0,10.0,9.0,105.50458715596329,12.777777777777779,101.68686868686868,6.0,13.0,1.0,0.0,13.0,31.396128841607563,13.0
Anand Rajan,0.0,,0.0,,118.80341880341881,19.727272727272727,93.82142857142857,162.0,206.0,8.0,8.0,7.62962962962963,25.75,8.24
Aniket Verma,236.0,148.0,12.0,9.0,159.45945945945945,26.22222222222222,174.44444444444446,,,,0.0,8.529553786998122,31.396128841607563,9.1
Ankit Sharma,87.0,69.0,10.0,7.0,126.08695652173914,12.428571428571429,99.25,375.0,453.0,21.0,12.0,7.248,37.75,8.133333333333333
Ankit Soni,0.0,,0.0,,118.80341880341881,19.727272727272727,93.82142857142857,112.0,145.0,6.0,2.0,7.767857142857142,72.5,7.631578947368421
Anmolpreet Singh,139.0,117.0,9.0,9.0,118.80341880341881,15.444444444444445,94.73333333333332,,,,0.0,8.529553786998122,31.396128841607563,9.1
Anuj Rawat,318.0,276.0,21.0,14.0,115.21739130434783,22.714285714285715,115.97069597069599,,,,0.0,8.529553786998122,31.396128841607563,9.1
Anureet Singh,36.0,47.0,8.0,4.0,76.59574468085107,9.0,93.33333333333333,430.0,636.0,22.0,18.0,8.874418604651162,35.333333333333336,9.866666666666667
Arjun Tendulkar,0.0,,0.0,,118.80341880341881,19.727272727272727,93.82142857142857,83.0,117.0,5.0,3.0,8.457831325301205,39.0,9.0
Arshad Khan,119.0,90.0,10.0,6.0,132.22222222222223,19.833333333333332,69.0,289.0,502.0,18.0,12.0,10.422145328719724,41.833333333333336,10.333333333333334
Arshad Khan (2),0.0,,0.0,,118.80341880341881,19.727272727272727,93.82142857142857,13.0,25.0,1.0,0.0,11.53846153846154,31.396128841607563,12.5
Arshdeep Singh,31.0,48.0,13.0,6.0,64.58333333333334,5.166666666666667,77.33333333333333,1820.0,2624.0,81.0,97.0,8.650549450549452,27.051546391752577,9.066666666666666
Ashutosh Sharma,393.0,256.0,18.0,15.0,153.515625,26.2,122.08874458874459,,,,0.0,8.529553786998122,31.396128841607563,9.1
Ashwani Kumar,0.0,,0.0,,118.80341880341881,19.727272727272727,93.82142857142857,132.0,234.0,7.0,11.0,10.636363636363637,21.272727272727273,11.142857142857142
Atharva Taide,260.0,188.0,10.0,9.0,138.29787234042556,28.88888888888889,136.387071154513,1.0,4.0,1.0,0.0,24.0,31.396128841607563,4.0
Avesh Khan,62.0,39.0,13.0,2.0,158.97435897435898,31.0,88.0,1684.0,2497.0,75.0,87.0,8.89667458432304,28.701149425287355,10.233333333333333
Azhar Mahmood,388.0,311.0,21.0,19.0,124.7588424437299,20.42105263157895,98.39066730371079,552.0,707.0,23.0,29.0,7.684782608695652,24.379310344827587,8.966666666666667
Azmatullah Omarzai,99.0,77.0,9.0,8.0,128.57142857142858,12.375,106.1818181818182,300.0,476.0,15.0,12.0,9.52,39.666666666666664,10.3
B Akhil,76.0,57.0,11.0,7.0,133.33333333333331,10.857142857142858,98.03174603174602,193.0,246.0,13.0,6.0,7.647668393782384,41.0,7.933333333333334
B Chipli,280.0,256.0,21.0,16.0,109.375,17.5,78.47609219126247,6.0,20.0,1.0,0.0,20.0,31.396128841607563,20.0
B Geeves,0.0,,0.0,,118.80341880341881,19.727272727272727,93.82142857142857,49.0,91.0,2.0,1.0,11.142857142857144,91.0,11.375
B Kumar,320.0,364.0,71.0,37.0,87.91208791208791,8.64864864864865,63.97435897435897,4378.0,5541.0,190.0,198.0,7.59387848332572,27.984848484848484,10.4
B Laughlin,0.0,,0.0,,118.80341880341881,19.727272727272727,93.82142857142857,179.0,284.0,9.0,10.0,9.5195530726257,28.4,10.142857142857142
B Lee,124.0,102.0,19.0,10.0,121.56862745098039,12.4,187.66666666666669,916.0,1126.0,38.0,25.0,7.3755458515283845,45.04,8.966666666666667
B Sai Sudharsan,1793.0,1279.0,40.0,34.0,140.1876465989054,52.73529411764706,138.87792536369386,,,,0.0,8.529553786998122,31.396128841607563,9.1
B Stanlake,0.0,,0.0,,118.80341880341881,19.727272727272727,93.82142857142857,150.0,200.0,6.0,7.0,8.0,28.571428571428573,8.333333333333334
BA Bhatt,0.0,,0.0,,118.80341880341881,19.727272727272727,93.82142857142857,303.0,408.0,15.0,12.0,8.07920792079208,34.0,8.366666666666667
BA Stokes,935.0,718.0,43.0,41.0,130.22284122562675,22.804878048780488,98.5079365079365,723.0,1023.0,38.0,28.0,8.489626556016598,36.535714285714285,11.2
BAW Mendis,0.0,,0.0,,118.80341880341881,19.727272727272727,93.82142857142857,248.0,306.0,10.0,8.0,7.403225806451612,38.25,7.2
BB McCullum,2882.0,2272.0,109.0,106.0,126.84859154929578,27.18867924528302,100.80689655172414,,,,0.0,8.529553786998122,31.396128841607563,9.1
BB Samantray,125.0,116.0,8.0,5.0,107.75862068965519,25.0,116.25,,,,0.0,8.529553786998122,31.396128841607563,9.1
BB Sran,10.0,14.0,7.0,1.0,71.42857142857143,10.0,68.0,516.0,767.0,24.0,18.0,8.918604651162791,42.611111111111114,11.3
BCJ Cutting,238.0,146.0,17.0,11.0,163.013698630137,21.636363636363637,102.31746031746032,288.0,430.0,17.0,10.0,8.958333333333334,43.0,10.1
BE Hendricks,0.0,,0.0,,118.80341880341881,19.727272727272727,93.82142857142857,157.0,239.0,7.0,9.0,9.13375796178344,26.555555555555557,9.56
BJ Hodge,1400.0,1153.0,63.0,46.0,121.42237640936686,30.434782608695652,115.28326865550973,238.0,310.0,20.0,17.0,7.815126050420169,18.235294117647058,7.933333333333334
BJ Rohrer,193.0,146.0,8.0,7.0,132.1917808219178,27.571428571428573,148.8440332679189,7.0,12.0,1.0,0.0,10.285714285714285,31.396128841607563,12.0
BMAJ Mendis,0.0,,0.0,,118.80341880341881,19.727272727272727,93.82142857142857,30.0,36.0,2.0,1.0,7.2,36.0,7.2
BW Hilfenhaus,0.0,,0.0,,118.80341880341881,19.727272727272727,93.82142857142857,390.0,497.0,17.0,22.0,7.6461538461538465,22.59090909090909,9.033333333333333
Basil Thampi,32.0,37.0,7.0,2.0,86.48648648648648,16.0,66.33333333333333,539.0,862.0,25.0,22.0,9.595547309833025,39.18181818181818,10.166666666666666
Bipul Sharma,187.0,124.0,17.0,6.0,150.80645161290323,31.166666666666668,145.75757575757578,436.0,581.0,28.0,17.0,7.9954128440366965,34.1764705882353,8.333333333333334
C Bosch,0.0,,0.0,,118.80341880341881,19.727272727272727,93.82142857142857,45.0,56.0,2.0,1.0,7.466666666666667,56.0,8.0
C Ganapathy,0.0,,0.0,,118.80341880341881,19.727272727272727,93.82142857142857,6.0,13.0,1.0,0.0,13.0,31.396128841607563,13.0
C Green,707.0,472.0,28.0,20.0,149.78813559322032,35.35,133.2861952861953,462.0,675.0,29.0,16.0,8.766233766233766,42.1875,8.4
C Munro,177.0,144.0,11.0,9.0,122.91666666666667,19.666666666666668,82.03846153846153,12.0,15.0,2.0,0.0,7.5,31.396128841607563,7.5
C Nanda,0.0,,0.0,,118.80341880341881,19.727272727272727,93.82142857142857,50.0,58.0,3.0,2.0,6.959999999999999,29.0,7.25
C Sakariya,20.0,31.0,7.0,5.0,64.51612903225806,4.0,67.33333333333333,479.0,649.0,20.0,20.0,8.129436325678498,32.45,9.266666666666667
C de Grandhomme,303.0,229.0,21.0,15.0,132.31441048034935,20.2,69.79166666666666,230.0,323.0,19.0,6.0,8.426086956521738,53.833333333333336,9.233333333333333
CA Ingram,205.0,183.0,15.0,12.0,112.02185792349727,17.083333333333332,95.86335403726709,,,,0.0,8.529553786998122,31.396128841607563,9.1
CA Lynn,1329.0,974.0,42.0,39.0,136.4476386036961,34.07692307692308,134.5576454197144,,,,0.0,8.529553786998122,31.396128841607563,9.1
CA Pujara,390.0,403.0,22.0,18.0,96.7741935483871,21.666666666666668,91.26475279106857,,,,0.0,8.529553786998122,31.396128841607563,9.1
CH Gayle,4997.0,3516.0,141.0,128.0,142.1217292377702,39.0390625,86.24444444444444,584.0,755.0,38.0,18.0,7.756849315068494,41.94444444444444,8.366666666666667
CH Morris,618.0,413.0,49.0,29.0,149.636803874092,21.310344827586206,63.333333333333336,1801.0,2377.0,81.0,96.0,7.91893392559689,24.760416666666668,9.8
CJ Anderson,538.0,436.0,29.0,22.0,123.39449541284404,24.454545454545453,44.74358974358974,315.0,525.0,22.0,11.0,10.0,47.72727272727273,10.533333333333333
CJ Dala,0.0,,0.0,,118.80341880341881,19.727272727272727,93.82142857142857,19.0,34.0,1.0,0.0,10.736842105263158,31.396128841607563,11.333333333333334
CJ Ferguson,98.0,119.0,8.0,6.0,82.35294117647058,16.333333333333332,76.32928475033737,,,,0.0,8.529553786998122,31.396128841607563,9.1
CJ Green,0.0,,0.0,,118.80341880341881,19.727272727272727,93.82142857142857,17.0,24.0,1.0,0.0,8.470588235294118,31.396128841607563,8.0
CJ Jordan,81.0,81.0,12.0,9.0,100.0,9.0,81.42857142857143,717.0,1111.0,34.0,30.0,9.297071129707113,37.03333333333333,11.766666666666667
CJ McKay,0.0,,0.0,,118.80341880341881,19.727272727272727,93.82142857142857,42.0,60.0,2.0,1.0,8.571428571428571,60.0,8.571428571428571
CK Kapugedera,0.0,,0.0,,118.80341880341881,19.727272727272727,93.82142857142857,17.0,49.0,3.0,0.0,17.294117647058822,31.396128841607563,16.333333333333332
CK Langeveldt,0.0,,0.0,,118.80341880341881,19.727272727272727,93.82142857142857,165.0,199.0,7.0,13.0,7.236363636363636,15.307692307692308,7.653846153846154
CL White,971.0,774.0,45.0,35.0,125.45219638242895,27.742857142857144,92.9761904761905,46.0,86.0,6.0,1.0,11.217391304347826,86.0,12.285714285714286
CM Gautam,169.0,158.0,13.0,9.0,106.9620253164557,18.77777777777778,80.5215053763441,,,,0.0,8.529553786998122,31.396128841607563,9.1
CR Brathwaite,181.0,120.0,14.0,14.0,150.83333333333334,12.928571428571429,143.53679653679654,266.0,384.0,16.0,13.0,8.661654135338345,29.53846153846154,8.566666666666666
CR Woakes,78.0,77.0,12.0,5.0,101.29870129870129,15.6,77.27272727272728,463.0,674.0,21.0,30.0,8.734341252699783,22.466666666666665,9.366666666666667
CRD Fernando,0.0,,0.0,,118.80341880341881,19.727272727272727,93.82142857142857,249.0,306.0,10.0,17.0,7.373493975903615,18.0,8.1
CV Varun,26.0,50.0,11.0,2.0,52.0,13.0,62.5,1932.0,2432.0,83.0,100.0,7.552795031055901,24.32,8.3
D Brevis,455.0,305.0,16.0,16.0,149.18032786885246,28.4375,145.1334713595583,3.0,8.0,1.0,1.0,16.0,8.0,8.0
D Jansen,0.0,,0.0,,118.80341880341881,19.727272727272727,93.82142857142857,28.0,53.0,1.0,1.0,11.357142857142856,53.0,13.25
D Kalyankrishna,0.0,,0.0,,118.80341880341881,19.727272727272727,93.82142857142857,50.0,88.0,3.0,2.0,10.559999999999999,44.0,11.0
D Padikkal,1806.0,1496.0,74.0,72.0,120.72192513368985,25.083333333333332,116.10714285714286,,,,0.0,8.529553786998122,31.396128841607563,9.1
D Pretorius,0.0,,0.0,,118.80341880341881,19.727272727272727,93.82142857142857,166.0,242.0,7.0,6.0,8.74698795180723,40.333333333333336,9.68
D Salunkhe,0.0,,0.0,,118.80341880341881,19.727272727272727,93.82142857142857,51.0,80.0,5.0,1.0,9.411764705882353,80.0,10.0
D Wiese,148.0,105.0,11.0,6.0,140.95238095238096,24.666666666666668,171.66666666666666,307.0,447.0,15.0,16.0,8.736156351791532,27.9375,9.533333333333333
D du Preez,0.0,,0.0,,118.80341880341881,19.727272727272727,93.82142857142857,43.0,56.0,2.0,4.0,7.813953488372093,14.0,8.0
DA Miller,3077.0,2295.0,133.0,89.0,134.07407407407408,34.57303370786517,101.51812240047533,,,,0.0,8.529553786998122,31.396128841607563,9.1
DA Warner,6567.0,4849.0,184.0,164.0,135.4299855640338,40.042682926829265,81.82539682539684,2.0,2.0,1.0,0.0,6.0,31.396128841607563,2.0
DAJ Bracewell,0.0,,0.0,,118.80341880341881,19.727272727272727,93.82142857142857,25.0,32.0,1.0,3.0,7.68,10.666666666666666,8.0
DB Das,304.0,267.0,22.0,12.0,113.85767790262172,25.333333333333332,109.05882352941175,,,,0.0,8.529553786998122,31.396128841607563,9.1
DB Ravi Teja,375.0,325.0,25.0,20.0,115.38461538461537,18.75,102.85714285714286,18.0,28.0,2.0,1.0,9.333333333333334,28.0,9.333333333333334
DE Bollinger,0.0,,0.0,,118.80341880341881,19.727272727272727,93.82142857142857,600.0,716.0,27.0,37.0,7.16,19.35135135135135,8.266666666666667
DG Nalkande,0.0,,0.0,,118.80341880341881,19.727272727272727,93.82142857142857,89.0,150.0,6.0,6.0,10.112359550561797,25.0,10.0
DH Yagnik,170.0,142.0,17.0,9.0,119.71830985915493,18.88888888888889,95.39682539682539,,,,0.0,8.529553786998122,31.396128841607563,9.1
DJ Bravo,1560.0,1247.0,110.0,69.0,125.10024057738573,22.608695652173914,81.66666666666666,3296.0,4436.0,158.0,183.0,8.075242718446601,24.240437158469945,9.3
DJ Harris,0.0,,0.0,,118.80341880341881,19.727272727272727,93.82142857142857,18.0,26.0,2.0,0.0,8.666666666666666,31.396128841607563,8.666666666666666
DJ Hooda,1497.0,1213.0,101.0,82.0,123.41302555647155,18.25609756097561,60.01932367149757,391.0,550.0,34.0,10.0,8.439897698209718,55.0,9.266666666666667
DJ Hussey,1322.0,1101.0,61.0,49.0,120.07266121707538,26.979591836734695,99.25636469574178,323.0,485.0,26.0,8.0,9.009287925696594,60.625,9.1
DJ Jacobs,92.0,101.0,7.0,7.0,91.0891089108911,13.142857142857142,81.6590909090909,,,,0.0,8.529553786998122,31.396128841607563,9.1
DJ Mitchell,351.0,274.0,15.0,13.0,128.1021897810219,27.0,131.4949137549757,51.0,97.0,4.0,1.0,11.411764705882353,97.0,12.125
DJ Muthuswami,0.0,,0.0,,118.80341880341881,19.727272727272727,93.82142857142857,84.0,108.0,6.0,4.0,7.714285714285714,27.0,7.714285714285714
DJ Thornely,0.0,,0.0,,118.80341880341881,19.727272727272727,93.82142857142857,44.0,40.0,4.0,3.0,5.454545454545455,13.333333333333334,5.714285714285714
DJ Willey,0.0,,0.0,,118.80341880341881,19.727272727272727,93.82142857142857,221.0,277.0,11.0,6.0,7.520361990950226,46.166666666666664,7.633333333333334
DJG Sammy,295.0,251.0,20.0,15.0,117.52988047808766,19.666666666666668,107.88888888888889,244.0,354.0,19.0,11.0,8.704918032786885,32.18181818181818,9.433333333333334
DJM Short,115.0,102.0,7.0,7.0,112.74509803921569,16.428571428571427,101.22067183462532,18.0,23.0,2.0,1.0,7.666666666666667,23.0,7.666666666666667
DL Chahar,117.0,86.0,16.0,8.0,136.04651162790697,14.625,87.33333333333333,2009.0,2621.0,95.0,88.0,7.827775012444002,29.78409090909091,9.0
DL Vettori,121.0,118.0,16.0,7.0,102.54237288135593,17.285714285714285,94.10256410256412,785.0,894.0,34.0,28.0,6.83312101910828,31.928571428571427,6.966666666666667
DNT Zoysa,0.0,,0.0,,118.80341880341881,19.727272727272727,93.82142857142857,69.0,100.0,3.0,2.0,8.695652173913043,50.0,9.090909090909092
DP Conway,1080.0,794.0,28.0,25.0,136.02015113350126,43.2,100.96402577534653,,,,0.0,8.529553786998122,31.396128841607563,9.1
DP Nannes,0.0,,0.0,,118.80341880341881,19.727272727272727,93.82142857142857,689.0,815.0,29.0,28.0,7.097242380261249,29.107142857142858,7.8
DP Vijaykumar,0.0,,0.0,,118.80341880341881,19.727272727272727,93.82142857142857,159.0,205.0,9.0,4.0,7.735849056603773,51.25,7.884615384615385
DPMD Jayawardene,1808.0,1522.0,78.0,64.0,118.7910643889619,28.25,108.81410256410257,,,,0.0,8.529553786998122,31.396128841607563,9.1
DR Sams,44.0,48.0,13.0,10.0,91.66666666666666,4.4,37.857142857142854,389.0,528.0,16.0,14.0,8.143958868894602,37.714285714285715,7.566666666666666
DR Smith,2385.0,1803.0,88.0,81.0,132.27953410981698,29.444444444444443,135.67599067599068,557.0,825.0,46.0,26.0,8.88689407540395,31.73076923076923,10.0
DS Kulkarni,104.0,113.0,20.0,9.0,92.03539823008849,11.555555555555555,108.33333333333334,1876.0,2513.0,92.0,86.0,8.03731343283582,29.22093023255814,9.733333333333333
DS Rathi,0.0,,0.0,,118.80341880341881,19.727272727272727,93.82142857142857,321.0,435.0,13.0,14.0,8.130841121495328,31.071428571428573,8.6
DT Christian,460.0,408.0,41.0,28.0,112.74509803921569,16.428571428571427,40.83333333333333,922.0,1218.0,49.0,38.0,7.926247288503254,32.05263157894737,9.2
DW Steyn,167.0,163.0,33.0,22.0,102.45398773006136,7.590909090909091,74.54545454545455,2282.0,2583.0,95.0,97.0,6.791411042944786,26.628865979381445,10.2
Dhruv Jurel,680.0,456.0,35.0,22.0,149.12280701754386,30.90909090909091,130.90277777777777,,,,0.0,8.529553786998122,31.396128841607563,9.1
E Lewis,654.0,499.0,26.0,24.0,131.06212424849699,27.25,82.91452991452992,,,,0.0,8.529553786998122,31.396128841607563,9.1
E Malinga,0.0,,0.0,,118.80341880341881,19.727272727272727,93.82142857142857,165.0,244.0,7.0,13.0,8.872727272727273,18.76923076923077,9.037037037037036
EJG Morgan,1406.0,1181.0,74.0,61.0,119.05165114309906,23.049180327868854,65.95238095238095,,,,0.0,8.529553786998122,31.396128841607563,9.1
F du Plessis,4773.0,3605.0,147.0,135.0,132.39944521497918,35.355555555555554,90.52362130623,6.0,16.0,1.0,0.0,16.0,31.396128841607563,16.0
FA Allen,0.0,,0.0,,118.80341880341881,19.727272727272727,93.82142857142857,91.0,136.0,4.0,2.0,8.967032967032967,68.0,9.066666666666666
FH Edwards,0.0,,0.0,,118.80341880341881,19.727272727272727,93.82142857142857,150.0,160.0,6.0,5.0,6.4,32.0,6.666666666666667
FY Fazal,183.0,179.0,11.0,9.0,102.23463687150837,20.333333333333332,93.66091954022988,12.0,20.0,2.0,0.0,10.0,31.396128841607563,10.0
Fazalhaq Farooqi,0.0,,0.0,,118.80341880341881,19.727272727272727,93.82142857142857,266.0,440.0,12.0,6.0,9.924812030075188,73.33333333333333,10.533333333333333
G Coetzee,31.0,33.0,7.0,6.0,93.93939393939394,5.166666666666667,92.85714285714286,292.0,490.0,14.0,15.0,10.068493150684931,32.666666666666664,10.7
G Gambhir,4217.0,3524.0,151.0,135.0,119.66515323496027,31.237037037037037,78.79761904761904,,,,0.0,8.529553786998122,31.396128841607563,9.1
GB Hogg,0.0,,0.0,,118.80341880341881,19.727272727272727,93.82142857142857,466.0,585.0,21.0,23.0,7.532188841201716,25.434782608695652,7.833333333333333
GC Smith,739.0,691.0,29.0,30.0,106.9464544138929,24.633333333333333,64.92063492063491,,,,0.0,8.529553786998122,31.396128841607563,9.1
GC Viljoen,0.0,,0.0,,118.80341880341881,19.727272727272727,93.82142857142857,146.0,229.0,6.0,7.0,9.41095890410959,32.714285714285715,9.956521739130435
GD McGrath,0.0,,0.0,,118.80341880341881,19.727272727272727,93.82142857142857,329.0,366.0,14.0,12.0,6.674772036474164,30.5,7.133333333333334
GD Phillips,65.0,55.0,8.0,7.0,118.18181818181819,9.285714285714286,128.0952380952381,31.0,40.0,4.0,2.0,7.741935483870967,20.0,8.0
GH Vihari,284.0,331.0,23.0,20.0,85.80060422960725,14.2,85.06410256410257,43.0,48.0,6.0,1.0,6.697674418604651,48.0,6.857142857142857
GHS Garton,0.0,,0.0,,118.80341880341881,19.727272727272727,93.82142857142857,97.0,136.0,5.0,3.0,8.412371134020617,45.333333333333336,9.066666666666666
GJ Bailey,663.0,552.0,36.0,29.0,120.1086956521739,22.862068965517242,66.22913343965976,,,,0.0,8.529553786998122,31.396128841607563,9.1
GJ Maxwell,2820.0,1896.0,134.0,117.0,148.73417721518987,24.102564102564102,72.72727272727272,1047.0,1422.0,85.0,41.0,8.148997134670488,34.68292682926829,8.1
GR Napier,0.0,,0.0,,118.80341880341881,19.727272727272727,93.82142857142857,24.0,28.0,1.0,1.0,7.0,28.0,7.0
GS Sandhu,0.0,,0.0,,118.80341880341881,19.727272727272727,93.82142857142857,48.0,86.0,2.0,1.0,10.75,86.0,10.75
Gagandeep Singh,0.0,,0.0,,118.80341880341881,19.727272727272727,93.82142857142857,84.0,142.0,4.0,3.0,10.142857142857142,47.333333333333336,10.142857142857142
Gulbadin Naib,0.0,,0.0,,118.80341880341881,19.727272727272727,93.82142857142857,6.0,12.0,1.0,0.0,12.0,31.396128841607563,12.0
Gurkeerat Singh,511.0,436.0,32.0,27.0,117.20183486238531,18.925925925925927,91.98717948717949,82.0,97.0,6.0,5.0,7.097560975609756,19.4,7.461538461538462
Gurnoor Brar,0.0,,0.0,,118.80341880341881,19.727272727272727,93.82142857142857,21.0,42.0,1.0,0.0,12.0,31.396128841607563,14.0
H Klaasen,1480.0,907.0,45.0,36.0,163.1753031973539,41.111111111111114,161.31196581196582,,,,0.0,8.529553786998122,31.396128841607563,9.1
H Sharma,0.0,,0.0,,118.80341880341881,19.727272727272727,93.82142857142857,30.0,62.0,2.0,0.0,12.4,31.396128841607563,12.4
HC Brook,190.0,159.0,11.0,9.0,119.49685534591194,21.11111111111111,35.714285714285715,,,,0.0,8.529553786998122,31.396128841607563,9.1
HF Gurney,0.0,,0.0,,118.80341880341881,19.727272727272727,93.82142857142857,169.0,239.0,8.0,7.0,8.485207100591715,34.142857142857146,8.851851851851851
HH Gibbs,886.0,837.0,36.0,32.0,105.8542413381123,27.6875,76.33332091637176,,,,0.0,8.529553786998122,31.396128841607563,9.1
HH Pandya,2758.0,1962.0,140.0,98.0,140.57084607543325,28.142857142857142,106.99849170437406,1714.0,2541.0,107.0,78.0,8.894982497082847,32.57692307692308,10.4
HM Amla,577.0,418.0,16.0,13.0,138.03827751196172,44.38461538461539,120.82635488373194,,,,0.0,8.529553786998122,31.396128841607563,9.1
HR Shokeen,0.0,,0.0,,118.80341880341881,19.727272727272727,93.82142857142857,213.0,320.0,13.0,5.0,9.014084507042254,64.0,9.9
HV Patel,270.0,241.0,41.0,28.0,112.03319502074689,9.642857142857142,62.92929292929292,2570.0,3649.0,116.0,151.0,8.519066147859922,24.165562913907284,9.9
Harbhajan Singh,833.0,636.0,88.0,54.0,130.9748427672956,15.425925925925926,67.63285024154591,3496.0,4101.0,160.0,150.0,7.0383295194508015,27.34,8.366666666666667
Harmeet Singh,0.0,,0.0,,118.80341880341881,19.727272727272727,93.82142857142857,574.0,747.0,28.0,27.0,7.808362369337979,27.666666666666668,8.3
Harpreet Brar,244.0,214.0,26.0,13.0,114.01869158878503,18.76923076923077,167.13286713286715,826.0,1097.0,46.0,35.0,7.968523002421308,31.34285714285714,8.933333333333334
Harpreet Singh,123.0,119.0,8.0,6.0,103.36134453781514,20.5,110.24477861319966,,,,0.0,8.529553786998122,31.396128841607563,9.1
Harsh Dubey,0.0,,0.0,,118.80341880341881,19.727272727272727,93.82142857142857,61.0,98.0,3.0,5.0,9.639344262295083,19.6,9.8
Harshit Rana,59.0,57.0,10.0,7.0,103.50877192982458,8.428571428571429,73.13131313131314,679.0,1047.0,32.0,40.0,9.251840942562591,26.175,10.633333333333333
I Malhotra,0.0,,0.0,,118.80341880341881,19.727272727272727,93.82142857142857,6.0,23.0,1.0,0.0,23.0,31.396128841607563,23.0
I Sharma,57.0,71.0,21.0,7.0,80.28169014084507,8.142857142857142,97.33333333333334,2546.0,3465.0,117.0,96.0,8.165750196386488,36.09375,10.366666666666667
I Udana,0.0,,0.0,,118.80341880341881,19.727272727272727,93.82142857142857,182.0,286.0,10.0,8.0,9.428571428571429,35.75,9.862068965517242
IC Pandey,0.0,,0.0,,118.80341880341881,19.727272727272727,93.82142857142857,469.0,609.0,24.0,18.0,7.791044776119403,33.833333333333336,7.366666666666666
IC Porel,0.0,,0.0,,118.80341880341881,19.727272727272727,93.82142857142857,26.0,42.0,1.0,1.0,9.692307692307693,42.0,10.5
IK Pathan,1150.0,985.0,82.0,53.0,116.75126903553299,21.69811320754717,84.12698412698413,2113.0,2711.0,101.0,80.0,7.698059630856601,33.8875,8.5
IR Jaggi,76.0,100.0,7.0,5.0,76.0,15.2,69.28571428571429,,,,0.0,8.529553786998122,31.396128841607563,9.1
IS Sodhi,0.0,,0.0,,118.80341880341881,19.727272727272727,93.82142857142857,182.0,204.0,8.0,9.0,6.725274725274725,22.666666666666668,6.5
Imran Tahir,33.0,37.0,8.0,4.0,89.1891891891892,8.25,75.28571428571429,1340.0,1729.0,59.0,82.0,7.741791044776119,21.085365853658537,7.4
Iqbal Abdulla,88.0,86.0,13.0,1.0,102.32558139534885,88.0,104.21512605042017,943.0,1125.0,48.0,40.0,7.158006362672323,28.125,9.033333333333333
Ishan Kishan,2998.0,2237.0,112.0,101.0,134.01877514528385,29.683168316831683,127.35504636637263,1.0,4.0,1.0,0.0,24.0,31.396128841607563,4.0
J Botha,409.0,364.0,28.0,22.0,112.36263736263736,18.59090909090909,151.0,709.0,818.0,34.0,25.0,6.922425952045134,32.72,7.066666666666666
J Fraser-McGurk,385.0,203.0,15.0,14.0,189.6551724137931,27.5,73.75,,,,0.0,8.529553786998122,31.396128841607563,9.1
J Little,0.0,,0.0,,118.80341880341881,19.727272727272727,93.82142857142857,236.0,341.0,11.0,11.0,8.669491525423728,31.0,9.066666666666666
J Overton,0.0,,0.0,,118.80341880341881,19.727272727272727,93.82142857142857,41.0,84.0,3.0,0.0,12.292682926829269,31.396128841607563,14.0
J Suchith,70.0,62.0,9.0,4.0,112.90322580645163,17.5,80.38095238095238,434.0,604.0,21.0,19.0,8.350230414746544,31.789473684210527,8.433333333333334
J Syed Mohammad,0.0,,0.0,,118.80341880341881,19.727272727272727,93.82142857142857,196.0,286.0,11.0,8.0,8.755102040816327,35.75,9.466666666666667
J Theron,0.0,,0.0,,118.80341880341881,19.727272727272727,93.82142857142857,235.0,311.0,10.0,11.0,7.940425531914894,28.272727272727273,8.966666666666667
J Yadav,0.0,,0.0,,118.80341880341881,19.727272727272727,93.82142857142857,398.0,447.0,20.0,8.0,6.738693467336684,55.875,7.3
JA Morkel,975.0,712.0,67.0,40.0,136.93820224719101,24.375,133.6346516007533,1807.0,2409.0,87.0,85.0,7.998893193137797,28.341176470588234,9.6
JA Richardson,0.0,,0.0,,118.80341880341881,19.727272727272727,93.82142857142857,94.0,162.0,4.0,3.0,10.340425531914894,54.0,10.8
JC Archer,262.0,183.0,30.0,18.0,143.16939890710384,14.555555555555555,72.22222222222221,1279.0,1655.0,52.0,59.0,7.763878029710712,28.050847457627118,9.166666666666666
JC Buttler,4121.0,2856.0,119.0,106.0,144.29271708683473,38.87735849056604,142.36328368814756,,,,0.0,8.529553786998122,31.396128841607563,9.1
JD Ryder,604.0,466.0,29.0,29.0,129.6137339055794,20.82758620689655,64.1025641025641,241.0,314.0,16.0,8.0,7.817427385892117,39.25,8.0
JD Unadkat,197.0,170.0,27.0,14.0,115.88235294117648,14.071428571428571,201.8181818181818,2340.0,3396.0,111.0,110.0,8.707692307692307,30.87272727272727,7.766666666666667
JDP Oram,106.0,110.0,11.0,8.0,96.36363636363636,13.25,60.50216450216451,244.0,362.0,14.0,9.0,8.901639344262296,40.22222222222222,8.533333333333333
JDS Neesham,92.0,93.0,10.0,8.0,98.9247311827957,11.5,71.0,222.0,342.0,13.0,8.0,9.243243243243244,42.75,9.2
JE Root,0.0,,0.0,,118.80341880341881,19.727272727272727,93.82142857142857,12.0,15.0,1.0,0.0,7.5,31.396128841607563,7.5
JE Taylor,0.0,,0.0,,118.80341880341881,19.727272727272727,93.82142857142857,122.0,167.0,5.0,6.0,8.213114754098362,27.833333333333332,8.35
JEC Franklin,327.0,309.0,16.0,11.0,105.8252427184466,29.727272727272727,59.11286780851998,155.0,225.0,15.0,9.0,8.70967741935484,25.0,8.653846153846153
JH Kallis,2427.0,2291.0,95.0,89.0,105.93627237014405,27.269662921348313,98.32442067736187,1799.0,2348.0,89.0,65.0,7.8310172317954425,36.12307692307692,8.833333333333334
JJ Bumrah,68.0,81.0,27.0,8.0,83.9506172839506,8.5,97.77777777777779,3474.0,4162.0,145.0,186.0,7.1882556131260795,22.376344086021504,6.2
JJ Roy,614.0,460.0,21.0,19.0,133.47826086956522,32.31578947368421,122.70114942528735,,,,0.0,8.529553786998122,31.396128841607563,9.1
JJ van der Wath,0.0,,0.0,,118.80341880341881,19.727272727272727,93.82142857142857,76.0,134.0,3.0,3.0,10.578947368421053,44.666666666666664,11.166666666666666
JL Pattinson,0.0,,0.0,,118.80341880341881,19.727272727272727,93.82142857142857,222.0,321.0,10.0,11.0,8.675675675675675,29.181818181818183,8.833333333333334
JM Bairstow,1674.0,1181.0,52.0,50.0,141.7442845046571,33.48,135.36739948504652,,,,0.0,8.529553786998122,31.396128841607563,9.1
JM Kemp,0.0,,0.0,,118.80341880341881,19.727272727272727,93.82142857142857,47.0,58.0,5.0,3.0,7.404255319148937,19.333333333333332,6.444444444444445
JM Sharma,991.0,656.0,47.0,39.0,151.0670731707317,25.41025641025641,172.5252525252525,,,,0.0,8.529553786998122,31.396128841607563,9.1
JO Holder,259.0,217.0,27.0,21.0,119.35483870967742,12.333333333333334,58.66666666666667,1049.0,1489.0,46.0,53.0,8.516682554814109,28.09433962264151,10.233333333333333
JP Behrendorff,0.0,,0.0,,118.80341880341881,19.727272727272727,93.82142857142857,379.0,563.0,17.0,19.0,8.91292875989446,29.63157894736842,9.633333333333333
JP Duminy,2029.0,1680.0,75.0,49.0,120.77380952380952,41.40816326530612,97.86274509803921,701.0,847.0,49.0,23.0,7.249643366619116,36.82608695652174,8.133333333333333
JP Faulkner,527.0,406.0,45.0,28.0,129.80295566502463,18.821428571428573,87.62561576354679,1287.0,1849.0,60.0,61.0,8.62004662004662,30.311475409836067,10.033333333333333
JP Inglis,278.0,177.0,11.0,10.0,157.06214689265536,27.8,162.50199076286032,,,,0.0,8.529553786998122,31.396128841607563,9.1
JPR Scantlebury-Searles,0.0,,0.0,,118.80341880341881,19.727272727272727,93.82142857142857,45.0,89.0,3.0,2.0,11.866666666666667,44.5,12.714285714285714
JR Hazlewood,19.0,30.0,7.0,0.0,63.33333333333333,19.0,55.0,892.0,1219.0,39.0,57.0,8.199551569506728,21.385964912280702,9.133333333333333
JR Hopes,417.0,314.0,19.0,17.0,132.80254777070064,24.529411764705884,121.24014336917563,369.0,562.0,20.0,14.0,9.138211382113822,40.142857142857146,8.866666666666667
JW Hastings,0.0,,0.0,,118.80341880341881,19.727272727272727,93.82142857142857,61.0,66.0,3.0,3.0,6.491803278688525,22.0,6.6
Jalaj S Saxena,0.0,,0.0,,118.80341880341881,19.727272727272727,93.82142857142857,18.0,27.0,1.0,0.0,9.0,31.396128841607563,9.0
Jaskaran Singh,0.0,,0.0,,118.80341880341881,19.727272727272727,93.82142857142857,111.0,174.0,7.0,6.0,9.405405405405405,29.0,9.666666666666666
Joginder Sharma,0.0,,0.0,,118.80341880341881,19.727272727272727,93.82142857142857,272.0,421.0,15.0,12.0,9.286764705882353,35.083333333333336,10.066666666666666
K Goel,218.0,239.0,16.0,14.0,91.21338912133892,15.571428571428571,61.66666666666667,67.0,94.0,6.0,0.0,8.417910447761194,31.396128841607563,8.545454545454545
K Gowtham,247.0,159.0,27.0,18.0,155.34591194968556,13.722222222222221,120.38461538461539,599.0,825.0,35.0,21.0,8.263772954924875,39.285714285714285,8.3
K Kartikeya,0.0,,0.0,,118.80341880341881,19.727272727272727,93.82142857142857,290.0,412.0,16.0,12.0,8.524137931034483,34.333333333333336,9.5
K Khejroliya,0.0,,0.0,,118.80341880341881,19.727272727272727,93.82142857142857,148.0,250.0,8.0,6.0,10.135135135135135,41.666666666666664,10.416666666666666
K Rabada,215.0,216.0,30.0,18.0,99.53703703703704,11.944444444444445,115.0,1995.0,2816.0,84.0,122.0,8.469172932330826,23.081967213114755,10.933333333333334
K Santokie,0.0,,0.0,,118.80341880341881,19.727272727272727,93.82142857142857,51.0,91.0,2.0,3.0,10.705882352941176,30.333333333333332,11.375
K Upadhyay,0.0,,0.0,,118.80341880341881,19.727272727272727,93.82142857142857,56.0,81.0,3.0,0.0,8.678571428571429,31.396128841607563,9.0
K Yadav,0.0,,0.0,,118.80341880341881,19.727272727272727,93.82142857142857,54.0,85.0,3.0,2.0,9.444444444444445,42.5,9.444444444444445
KA Jamieson,65.0,60.0,9.0,3.0,108.33333333333333,21.666666666666668,55.75757575757575,273.0,418.0,13.0,14.0,9.186813186813186,29.857142857142858,10.066666666666666
KA Maharaj,0.0,,0.0,,118.80341880341881,19.727272727272727,93.82142857142857,36.0,39.0,2.0,2.0,6.5,19.5,6.5
KA Pollard,3437.0,2447.0,168.0,129.0,140.45770331017573,26.643410852713178,82.68939393939394,1586.0,2200.0,107.0,69.0,8.32282471626734,31.884057971014492,8.4
KAJ Roach,0.0,,0.0,,118.80341880341881,19.727272727272727,93.82142857142857,52.0,80.0,2.0,0.0,9.230769230769232,31.396128841607563,10.0
KB Arun Karthik,51.0,53.0,8.0,5.0,96.22641509433963,10.2,89.0,,,,0.0,8.529553786998122,31.396128841607563,9.1
KC Cariappa,0.0,,0.0,,118.80341880341881,19.727272727272727,93.82142857142857,224.0,349.0,11.0,8.0,9.348214285714285,43.625,10.0
KC Sangakkara,1687.0,1424.0,68.0,69.0,118.4691011235955,24.44927536231884,76.5952380952381,,,,0.0,8.529553786998122,31.396128841607563,9.1
KD Karthik,4843.0,3687.0,233.0,189.0,131.35340385136968,25.624338624338623,143.35164835164835,,,,0.0,8.529553786998122,31.396128841607563,9.1
KH Pandya,1756.0,1376.0,114.0,79.0,127.61627906976744,22.227848101265824,102.46258503401359,2466.0,3024.0,132.0,93.0,7.357664233576642,32.516129032258064,7.366666666666666
KJ Abbott,0.0,,0.0,,118.80341880341881,19.727272727272727,93.82142857142857,102.0,182.0,5.0,2.0,10.705882352941176,91.0,11.375
KK Ahmed,2.0,9.0,6.0,5.0,22.22222222222222,0.4,20.0,1635.0,2372.0,71.0,89.0,8.704587155963303,26.651685393258425,10.5
KK Cooper,116.0,70.0,12.0,9.0,165.71428571428572,12.88888888888889,152.09150326797385,600.0,789.0,25.0,33.0,7.89,23.90909090909091,8.566666666666666
KK Nair,1694.0,1314.0,76.0,72.0,128.9193302891933,23.52777777777778,100.12987012987011,,,,0.0,8.529553786998122,31.396128841607563,9.1
KL Nagarkoti,22.0,34.0,7.0,4.0,64.70588235294117,5.5,60.65934065934066,185.0,287.0,11.0,5.0,9.308108108108108,57.4,9.566666666666666
KL Rahul,5235.0,3947.0,135.0,115.0,132.63237902204204,45.52173913043478,146.22510822510824,,,,0.0,8.529553786998122,31.396128841607563,9.1
KM Asif,0.0,,0.0,,118.80341880341881,19.727272727272727,93.82142857142857,143.0,232.0,7.0,7.0,9.734265734265735,33.142857142857146,10.08695652173913
KM Jadhav,1208.0,1012.0,81.0,54.0,119.36758893280633,22.37037037037037,129.5952380952381,,,,0.0,8.529553786998122,31.396128841607563,9.1
KMA Paul,0.0,,0.0,,118.80341880341881,19.727272727272727,93.82142857142857,180.0,239.0,8.0,9.0,7.966666666666667,26.555555555555557,8.535714285714286
KMDN Kulasekara,0.0,,0.0,,118.80341880341881,19.727272727272727,93.82142857142857,107.0,122.0,5.0,5.0,6.841121495327103,24.4,7.176470588235294
KP Appanna,0.0,,0.0,,118.80341880341881,19.727272727272727,93.82142857142857,222.0,291.0,13.0,9.0,7.864864864864865,32.333333333333336,8.333333333333334
KP Pietersen,1001.0,758.0,36.0,28.0,132.05804749340368,35.75,102.16365066876475,180.0,218.0,13.0,7.0,7.266666666666667,31.142857142857142,7.517241379310345
KR Mayers,379.0,276.0,13.0,13.0,137.31884057971016,29.153846153846153,74.25813402283991,46.0,59.0,6.0,0.0,7.695652173913043,31.396128841607563,8.428571428571429
KR Sen,0.0,,0.0,,118.80341880341881,19.727272727272727,93.82142857142857,255.0,396.0,12.0,14.0,9.31764705882353,28.285714285714285,9.533333333333333
KS Bharat,199.0,168.0,8.0,7.0,118.45238095238095,28.428571428571427,93.99285714285715,,,,0.0,8.529553786998122,31.396128841607563,9.1
KS Williamson,2132.0,1734.0,76.0,59.0,122.95271049596307,36.13559322033898,68.35446906035142,18.0,31.0,2.0,0.0,10.333333333333334,31.396128841607563,10.333333333333334
KT Maphaka,0.0,,0.0,,118.80341880341881,19.727272727272727,93.82142857142857,71.0,148.0,4.0,2.0,12.507042253521126,74.0,13.454545454545455
KV Sharma,352.0,307.0,40.0,25.0,114.65798045602607,14.08,145.0,1611.0,2263.0,87.0,83.0,8.42830540037244,27.265060240963855,10.266666666666667
KW Richardson,0.0,,0.0,,118.80341880341881,19.727272727272727,93.82142857142857,345.0,479.0,15.0,19.0,8.330434782608696,25.210526315789473,9.633333333333333
Kamran Akmal,128.0,78.0,6.0,4.0,164.1025641025641,32.0,164.16666666666666,,,,0.0,8.529553786998122,31.396128841607563,9.1
Kamran Khan,0.0,,0.0,,118.80341880341881,19.727272727272727,93.82142857142857,177.0,248.0,9.0,10.0,8.40677966101695,24.8,8.857142857142858
Karanveer Singh,0.0,,0.0,,118.80341880341881,19.727272727272727,93.82142857142857,213.0,323.0,9.0,12.0,9.098591549295774,26.916666666666668,10.233333333333333
Karim Janat,0.0,,0.0,,118.80341880341881,19.727272727272727,93.82142857142857,6.0,30.0,1.0,0.0,30.0,31.396128841607563,30.0
Kartik Tyagi,13.0,16.0,6.0,4.0,81.25,3.25,68.0,458.0,720.0,20.0,15.0,9.43231441048035,48.0,10.833333333333334
Kuldeep Yadav,201.0,240.0,37.0,13.0,83.75,15.461538461538462,157.5,2110.0,2805.0,96.0,102.0,7.976303317535544,27.5,8.633333333333333
L Ablish,0.0,,0.0,,118.80341880341881,19.727272727272727,93.82142857142857,45.0,76.0,3.0,3.0,10.133333333333333,25.333333333333332,10.857142857142858
L Balaji,36.0,50.0,13.0,7.0,72.0,5.142857142857143,105.71428571428574,1574.0,2083.0,73.0,76.0,7.940279542566709,27.407894736842106,8.7
L Ngidi,0.0,,0.0,,118.80341880341881,19.727272727272727,93.82142857142857,390.0,541.0,16.0,29.0,8.323076923076924,18.655172413793103,10.9
L Wood,0.0,,0.0,,118.80341880341881,19.727272727272727,93.82142857142857,38.0,94.0,2.0,1.0,14.842105263157896,94.0,15.666666666666666
LA Carseldine,0.0,,0.0,,118.80341880341881,19.727272727272727,93.82142857142857,7.0,6.0,1.0,1.0,5.142857142857142,6.0,6.0
LA Pomersbach,302.0,251.0,16.0,11.0,120.3187250996016,27.454545454545453,96.98644986449865,,,,0.0,8.529553786998122,31.396128841607563,9.1
LB Williams,0.0,,0.0,,118.80341880341881,19.727272727272727,93.82142857142857,42.0,74.0,2.0,1.0,10.571428571428571,74.0,12.333333333333334
LE Plunkett,0.0,,0.0,,118.80341880341881,19.727272727272727,93.82142857142857,154.0,228.0,7.0,4.0,8.883116883116882,57.0,9.12
LH Ferguson,72.0,49.0,8.0,4.0,146.9387755102041,18.0,161.02564102564102,1078.0,1558.0,49.0,53.0,8.67161410018553,29.39622641509434,9.233333333333333
LI Meriwala,0.0,,0.0,,118.80341880341881,19.727272727272727,93.82142857142857,19.0,32.0,1.0,1.0,10.105263157894738,32.0,10.666666666666666
LJ Wright,0.0,,0.0,,118.80341880341881,19.727272727272727,93.82142857142857,75.0,125.0,6.0,2.0,10.0,62.5,10.416666666666666
LMP Simmons,1079.0,878.0,29.0,27.0,122.89293849658314,39.96296296296296,59.92424242424242,18.0,34.0,1.0,1.0,11.333333333333334,34.0,11.333333333333334
LPC Silva,0.0,,0.0,,118.80341880341881,19.727272727272727,93.82142857142857,6.0,21.0,1.0,0.0,21.0,31.396128841607563,21.0
LR Shukla,405.0,358.0,33.0,29.0,113.12849162011173,13.96551724137931,44.04329004329004,326.0,458.0,27.0,15.0,8.429447852760736,30.533333333333335,8.333333333333334
LRPL Taylor,1017.0,847.0,54.0,41.0,120.07083825265643,24.804878048780488,77.61721611721612,13.0,24.0,2.0,0.0,11.076923076923078,31.396128841607563,12.0
LS Livingstone,1051.0,699.0,47.0,39.0,150.3576537911302,26.94871794871795,51.666666666666664,321.0,471.0,27.0,13.0,8.80373831775701,36.23076923076923,8.966666666666667
Lalit Yadav,305.0,301.0,21.0,15.0,101.32890365448506,20.333333333333332,100.5,294.0,430.0,19.0,10.0,8.775510204081632,43.0,10.0
M Ashwin,35.0,50.0,12.0,8.0,70.0,4.375,93.00000000000001,898.0,1182.0,44.0,35.0,7.8975501113585755,33.77142857142857,9.166666666666666
M Jansen,141.0,136.0,20.0,12.0,103.6764705882353,11.75,82.38095238095238,787.0,1180.0,35.0,36.0,8.996188055908513,32.77777777777778,7.966666666666667
M Kaif,259.0,258.0,22.0,16.0,100.3875968992248,16.1875,111.77272727272725,,,,0.0,8.529553786998122,31.396128841607563,9.1
M Kartik,113.0,109.0,14.0,7.0,103.6697247706422,16.142857142857142,95.55555555555557,1182.0,1418.0,55.0,31.0,7.197969543147208,45.74193548387097,8.3
M Manhas,514.0,486.0,38.0,24.0,105.76131687242798,21.416666666666668,136.51515151515153,42.0,42.0,3.0,0.0,6.0,31.396128841607563,6.0
M Markande,48.0,44.0,10.0,3.0,109.09090909090908,16.0,92.78787878787878,737.0,1081.0,37.0,37.0,8.800542740841248,29.216216216216218,11.533333333333333
M Morkel,126.0,93.0,20.0,11.0,135.48387096774192,11.454545454545455,101.2121212121212,1699.0,2136.0,70.0,77.0,7.543260741612713,27.74025974025974,8.333333333333334
M Muralitharan,20.0,30.0,9.0,6.0,66.66666666666666,3.3333333333333335,57.5,1581.0,1765.0,66.0,64.0,6.698292220113852,27.578125,8.233333333333333
M Ntini,0.0,,0.0,,118.80341880341881,19.727272727272727,93.82142857142857,213.0,257.0,9.0,7.0,7.23943661971831,36.714285714285715,7.566666666666666
M Pathirana,0.0,,0.0,,118.80341880341881,19.727272727272727,93.82142857142857,787.0,1047.0,32.0,47.0,7.982210927573063,22.27659574468085,10.3
M Prasidh Krishna,9.0,24.0,7.0,2.0,37.5,4.5,32.76190476190476,1595.0,2247.0,66.0,75.0,8.452664576802508,29.96,9.6
M Rawat,55.0,70.0,11.0,5.0,78.57142857142857,11.0,66.7099567099567,,,,0.0,8.529553786998122,31.396128841607563,9.1
M Shahrukh Khan,732.0,517.0,48.0,31.0,141.58607350096713,23.612903225806452,181.7865353037767,18.0,29.0,3.0,1.0,9.666666666666666,29.0,9.666666666666666
M Siddharth,0.0,,0.0,,118.80341880341881,19.727272727272727,93.82142857142857,101.0,140.0,5.0,3.0,8.316831683168317,46.666666666666664,8.75
M Theekshana,17.0,34.0,6.0,3.0,50.0,5.666666666666667,42.136752136752136,902.0,1226.0,38.0,36.0,8.15521064301552,34.05555555555556,9.9
M Tiwari,0.0,,0.0,,118.80341880341881,19.727272727272727,93.82142857142857,6.0,14.0,1.0,0.0,14.0,31.396128841607563,14.0
M Vijay,2619.0,2208.0,105.0,97.0,118.61413043478262,27.0,77.54761904761905,37.0,49.0,4.0,0.0,7.945945945945946,31.396128841607563,8.166666666666666
M Vohra,1083.0,863.0,51.0,48.0,125.49246813441484,22.5625,107.22222222222221,,,,0.0,8.529553786998122,31.396128841607563,9.1
M de Lange,0.0,,0.0,,118.80341880341881,19.727272727272727,93.82142857142857,116.0,171.0,5.0,5.0,8.844827586206897,34.2,9.5
MA Agarwal,2764.0,2146.0,125.0,119.0,128.7977632805219,23.22689075630252,128.8127677052162,,,,0.0,8.529553786998122,31.396128841607563,9.1
MA Khote,0.0,,0.0,,118.80341880341881,19.727272727272727,93.82142857142857,30.0,52.0,2.0,2.0,10.4,26.0,10.4
MA Starc,111.0,120.0,21.0,10.0,92.5,11.1,58.0,1124.0,1588.0,50.0,65.0,8.476868327402135,24.43076923076923,10.866666666666667
MA Wood,0.0,,0.0,,118.80341880341881,19.727272727272727,93.82142857142857,127.0,192.0,5.0,11.0,9.070866141732283,17.454545454545453,9.6
MB Parmar,0.0,,0.0,,118.80341880341881,19.727272727272727,93.82142857142857,19.0,33.0,1.0,0.0,10.421052631578949,31.396128841607563,11.0
MC Henriques,1000.0,801.0,54.0,38.0,124.84394506866417,26.31578947368421,116.4705882352941,979.0,1302.0,60.0,42.0,7.9795709908069465,31.0,7.9
MC Juneja,125.0,134.0,7.0,7.0,93.28358208955224,17.857142857142858,83.1919191919192,,,,0.0,8.529553786998122,31.396128841607563,9.1
MD Mishra,237.0,213.0,17.0,15.0,111.26760563380283,15.8,81.17171717171718,,,,0.0,8.529553786998122,31.396128841607563,9.1
MEK Hussey,1977.0,1648.0,58.0,52.0,119.96359223300972,38.01923076923077,85.5995743387048,,,,0.0,8.529553786998122,31.396128841607563,9.1
MF Maharoof,177.0,124.0,14.0,10.0,142.74193548387098,17.7,92.13675213675214,441.0,532.0,20.0,27.0,7.238095238095238,19.703703703703702,8.2
MG Bracewell,0.0,,0.0,,118.80341880341881,19.727272727272727,93.82142857142857,66.0,95.0,5.0,6.0,8.636363636363637,15.833333333333334,8.636363636363637
MG Johnson,167.0,168.0,28.0,14.0,99.40476190476191,11.928571428571429,131.23809523809524,1301.0,1740.0,54.0,62.0,8.024596464258263,28.06451612903226,9.366666666666667
MG Neser,0.0,,0.0,,118.80341880341881,19.727272727272727,93.82142857142857,25.0,62.0,1.0,0.0,14.879999999999999,31.396128841607563,15.5
MJ Clarke,98.0,96.0,6.0,6.0,102.08333333333333,16.333333333333332,85.44444444444444,66.0,72.0,5.0,2.0,6.545454545454546,36.0,6.545454545454546
MJ Guptill,271.0,197.0,13.0,12.0,137.56345177664974,22.583333333333332,130.64836003051104,,,,0.0,8.529553786998122,31.396128841607563,9.1
MJ Henry,0.0,,0.0,,118.80341880341881,19.727272727272727,93.82142857142857,105.0,183.0,6.0,2.0,10.457142857142857,91.5,10.764705882352942
MJ Lumb,278.0,198.0,12.0,10.0,140.4040404040404,27.8,116.05555555555557,,,,0.0,8.529553786998122,31.396128841607563,9.1
MJ McClenaghan,85.0,73.0,20.0,11.0,116.43835616438356,7.7272727272727275,57.5,1346.0,1839.0,56.0,71.0,8.197622585438335,25.901408450704224,7.966666666666667
MJ Santner,110.0,111.0,19.0,8.0,99.09909909909909,13.75,60.0,617.0,744.0,31.0,25.0,7.235008103727715,29.76,7.933333333333334
MJ Suthar,0.0,,0.0,,118.80341880341881,19.727272727272727,93.82142857142857,12.0,26.0,1.0,0.0,13.0,31.396128841607563,13.0
MK Lomror,527.0,389.0,35.0,30.0,135.47557840616966,17.566666666666666,91.64705882352942,94.0,127.0,11.0,1.0,8.106382978723405,127.0,8.466666666666667
MK Pandey,3951.0,3355.0,161.0,135.0,117.7645305514158,29.266666666666666,108.25832213763246,,,,0.0,8.529553786998122,31.396128841607563,9.1
MK Tiwary,1695.0,1489.0,83.0,61.0,113.83478844862324,27.78688524590164,141.5806451612903,45.0,83.0,6.0,1.0,11.066666666666666,83.0,11.857142857142858
ML Hayden,1107.0,839.0,32.0,28.0,131.94278903456495,39.535714285714285,43.46774193548387,,,,0.0,8.529553786998122,31.396128841607563,9.1
MM Ali,1167.0,865.0,59.0,51.0,134.91329479768785,22.88235294117647,67.14652014652015,869.0,1036.0,57.0,41.0,7.153049482163405,25.26829268292683,8.233333333333333
MM Patel,39.0,41.0,12.0,5.0,95.1219512195122,7.8,40.66666666666667,1382.0,1733.0,63.0,74.0,7.523878437047757,23.41891891891892,8.933333333333334
MM Sharma,125.0,140.0,30.0,17.0,89.28571428571429,7.352941176470588,12.666666666666668,2471.0,3537.0,119.0,134.0,8.588425738567382,26.395522388059703,10.266666666666667
MN Samuels,161.0,174.0,14.0,12.0,92.52873563218391,13.416666666666666,40.21212121212121,219.0,285.0,11.0,9.0,7.808219178082192,31.666666666666668,8.566666666666666
MP Stoinis,2026.0,1457.0,99.0,72.0,139.0528483184626,28.13888888888889,215.20467836257308,922.0,1477.0,71.0,44.0,9.6117136659436,33.56818181818182,10.8
MP Yadav,0.0,,0.0,,118.80341880341881,19.727272727272727,93.82142857142857,129.0,188.0,6.0,9.0,8.744186046511627,20.88888888888889,8.952380952380953
MR Marsh,1292.0,933.0,49.0,45.0,138.4780278670954,28.711111111111112,129.54065040650408,593.0,803.0,34.0,37.0,8.1247892074199,21.7027027027027,9.366666666666667
MS Bisla,798.0,737.0,39.0,37.0,108.27679782903662,21.56756756756757,75.07518796992481,,,,0.0,8.529553786998122,31.396128841607563,9.1
MS Dhoni,5439.0,4101.0,241.0,157.0,132.626188734455,34.64331210191083,121.67251461988306,,,,0.0,8.529553786998122,31.396128841607563,9.1
MS Gony,99.0,76.0,15.0,9.0,130.26315789473685,11.0,69.21052631578948,925.0,1317.0,44.0,37.0,8.542702702702703,35.5945945945946,9.766666666666667
MS Wade,183.0,185.0,14.0,13.0,98.91891891891892,14.076923076923077,97.46441058941059,,,,0.0,8.529553786998122,31.396128841607563,9.1
MV Boucher,394.0,318.0,23.0,15.0,123.89937106918238,26.266666666666666,96.42857142857143,,,,0.0,8.529553786998122,31.396128841607563,9.1
MW Short,117.0,99.0,6.0,6.0,118.18181818181819,19.5,120.43290043290042,25.0,25.0,3.0,0.0,6.0,31.396128841607563,6.25
Mandeep Singh,1706.0,1418.0,97.0,85.0,120.31029619181946,20.070588235294117,52.994652406417096,12.0,26.0,2.0,0.0,13.0,31.396128841607563,13.0
Mashrafe Mortaza,0.0,,0.0,,118.80341880341881,19.727272727272727,93.82142857142857,28.0,59.0,1.0,0.0,12.642857142857142,31.396128841607563,14.75
Mayank Dagar,0.0,,0.0,,118.80341880341881,19.727272727272727,93.82142857142857,138.0,205.0,8.0,2.0,8.91304347826087,102.5,8.91304347826087
Misbah-ul-Haq,117.0,82.0,8.0,9.0,142.6829268292683,13.0,115.43333333333332,,,,0.0,8.529553786998122,31.396128841607563,9.1
Mohammad Asif,0.0,,0.0,,118.80341880341881,19.727272727272727,93.82142857142857,199.0,307.0,8.0,8.0,9.256281407035177,38.375,9.933333333333334
Mohammad Hafeez,64.0,84.0,8.0,8.0,76.19047619047619,8.0,66.66666666666667,63.0,71.0,4.0,2.0,6.761904761904762,35.5,7.1
Mohammad Nabi,221.0,157.0,19.0,17.0,140.76433121019107,13.0,83.4873949579832,419.0,527.0,23.0,15.0,7.5465393794749405,35.13333333333333,8.566666666666666
Mohammed Shami,84.0,93.0,27.0,14.0,90.32258064516128,6.0,108.95238095238096,2708.0,3834.0,119.0,133.0,8.49483013293944,28.827067669172934,11.6
Mohammed Siraj,112.0,127.0,21.0,10.0,88.18897637795276,11.2,72.51282051282051,2448.0,3434.0,108.0,109.0,8.416666666666666,31.504587155963304,9.633333333333333
Mohit Rathee,0.0,,0.0,,118.80341880341881,19.727272727272727,93.82142857142857,12.0,29.0,1.0,0.0,14.5,31.396128841607563,14.5
Mohsin Khan,0.0,,0.0,,118.80341880341881,19.727272727272727,93.82142857142857,507.0,698.0,23.0,27.0,8.2603550295858,25.85185185185185,10.2
Monu Kumar,0.0,,0.0,,118.80341880341881,19.727272727272727,93.82142857142857,16.0,20.0,1.0,0.0,7.5,31.396128841607563,10.0
Mujeeb Ur Rahman,12.0,15.0,6.0,3.0,80.0,4.0,66.66666666666666,465.0,626.0,20.0,20.0,8.07741935483871,31.3,10.366666666666667
Mukesh Choudhary,0.0,,0.0,,118.80341880341881,19.727272727272727,93.82142857142857,334.0,523.0,16.0,17.0,9.395209580838324,30.764705882352942,10.466666666666667
Mukesh Kumar,0.0,,0.0,,118.80341880341881,19.727272727272727,93.82142857142857,675.0,1118.0,32.0,36.0,9.937777777777777,31.055555555555557,10.9
Musheer Khan,0.0,,0.0,,118.80341880341881,19.727272727272727,93.82142857142857,12.0,27.0,1.0,1.0,13.5,27.0,13.5
Mustafizur Rahman,13.0,24.0,7.0,2.0,54.166666666666664,6.5,54.857142857142854,1419.0,1879.0,60.0,65.0,7.945031712473573,28.907692307692308,9.233333333333333
N Burger,0.0,,0.0,,118.80341880341881,19.727272727272727,93.82142857142857,105.0,152.0,5.0,7.0,8.685714285714285,21.714285714285715,8.941176470588236
N Jagadeesan,162.0,155.0,10.0,9.0,104.51612903225806,18.0,82.70238095238093,,,,0.0,8.529553786998122,31.396128841607563,9.1
N Pooran,2293.0,1433.0,86.0,67.0,160.0139567341242,34.223880597014926,144.56235984129722,,,,0.0,8.529553786998122,31.396128841607563,9.1
N Rana,2853.0,2156.0,112.0,103.0,132.32838589981446,27.699029126213592,137.59740259740258,197.0,271.0,26.0,10.0,8.253807106598984,27.1,8.333333333333334
N Saini,140.0,143.0,10.0,11.0,97.9020979020979,12.727272727272727,44.45454545454545,,,,0.0,8.529553786998122,31.396128841607563,9.1
N Thushara,0.0,,0.0,,118.80341880341881,19.727272727272727,93.82142857142857,198.0,289.0,8.0,9.0,8.757575757575758,32.111111111111114,9.633333333333333
N Wadhera,719.0,522.0,31.0,26.0,137.73946360153258,27.653846153846153,101.96774193548387,17.0,22.0,2.0,0.0,7.764705882352941,31.396128841607563,7.333333333333333
NA Saini,0.0,,0.0,,118.80341880341881,19.727272727272727,93.82142857142857,15.0,35.0,1.0,0.0,14.0,31.396128841607563,17.5
NB Singh,0.0,,0.0,,118.80341880341881,19.727272727272727,93.82142857142857,25.0,18.0,2.0,1.0,4.319999999999999,18.0,4.5
ND Doshi,0.0,,0.0,,118.80341880341881,19.727272727272727,93.82142857142857,57.0,79.0,4.0,2.0,8.31578947368421,39.5,7.9
NJ Rimmington,0.0,,0.0,,118.80341880341881,19.727272727272727,93.82142857142857,18.0,20.0,1.0,0.0,6.666666666666667,31.396128841607563,6.666666666666667
NK Patel,121.0,124.0,6.0,5.0,97.58064516129032,24.2,75.74082934609251,,,,0.0,8.529553786998122,31.396128841607563,9.1
NL McCullum,0.0,,0.0,,118.80341880341881,19.727272727272727,93.82142857142857,30.0,35.0,2.0,0.0,7.0,31.396128841607563,7.0
NLTC Perera,424.0,326.0,30.0,24.0,130.06134969325154,17.666666666666668,171.7792207792208,715.0,1031.0,36.0,31.0,8.651748251748252,33.25806451612903,9.8
NM Coulter-Nile,82.0,75.0,16.0,10.0,109.33333333333333,8.2,86.66666666666667,892.0,1125.0,38.0,48.0,7.567264573991032,23.4375,7.433333333333334
NT Ellis,0.0,,0.0,,118.80341880341881,19.727272727272727,93.82142857142857,390.0,553.0,17.0,19.0,8.507692307692308,29.105263157894736,8.666666666666666
NV Ojha,1554.0,1360.0,94.0,74.0,114.26470588235293,21.0,93.06595365418895,,,,0.0,8.529553786998122,31.396128841607563,9.1
Naman Dhir,392.0,226.0,19.0,14.0,173.4513274336283,28.0,174.15873015873018,53.0,76.0,5.0,0.0,8.60377358490566,31.396128841607563,8.444444444444445
Navdeep Saini,33.0,38.0,7.0,4.0,86.8421052631579,8.25,87.64285714285714,682.0,968.0,31.0,24.0,8.516129032258064,40.333333333333336,9.666666666666666
Naveen-ul-Haq,0.0,,0.0,,118.80341880341881,19.727272727272727,93.82142857142857,407.0,602.0,17.0,25.0,8.874692874692876,24.08,10.3
Nithish Kumar Reddy,485.0,382.0,22.0,18.0,126.96335078534031,26.944444444444443,133.41991341991343,152.0,255.0,12.0,5.0,10.06578947368421,51.0,10.625
Noor Ahmad,20.0,35.0,11.0,8.0,57.14285714285714,2.5,75.83333333333333,827.0,1088.0,37.0,48.0,7.893591293833131,22.666666666666668,8.433333333333334
O Thomas,0.0,,0.0,,118.80341880341881,19.727272727272727,93.82142857142857,63.0,85.0,4.0,5.0,8.095238095238095,17.0,8.5
OA Shah,506.0,405.0,22.0,13.0,124.93827160493827,38.92307692307692,90.30718641971838,,,,0.0,8.529553786998122,31.396128841607563,9.1
OC McCoy,0.0,,0.0,,118.80341880341881,19.727272727272727,93.82142857142857,180.0,255.0,8.0,11.0,8.5,23.181818181818183,9.107142857142858
OF Smith,51.0,50.0,6.0,3.0,102.0,17.0,56.0,95.0,179.0,6.0,6.0,11.305263157894736,29.833333333333332,11.933333333333334
P Amarnath,0.0,,0.0,,118.80341880341881,19.727272727272727,93.82142857142857,132.0,241.0,6.0,7.0,10.954545454545455,34.42857142857143,10.954545454545455
P Awana,0.0,,0.0,,118.80341880341881,19.727272727272727,93.82142857142857,774.0,1046.0,33.0,39.0,8.108527131782946,26.82051282051282,9.733333333333333
P Dogra,127.0,141.0,12.0,12.0,90.0709219858156,10.583333333333334,62.075757575757564,,,,0.0,8.529553786998122,31.396128841607563,9.1
P Dubey,0.0,,0.0,,118.80341880341881,19.727272727272727,93.82142857142857,79.0,112.0,5.0,2.0,8.506329113924052,56.0,8.615384615384615
P Kumar,340.0,323.0,57.0,34.0,105.26315789473684,10.0,71.66666666666666,2637.0,3342.0,119.0,90.0,7.604095563139932,37.13333333333333,8.466666666666667
P Negi,365.0,301.0,35.0,26.0,121.26245847176081,14.038461538461538,43.33333333333333,733.0,954.0,42.0,34.0,7.80900409276944,28.058823529411764,7.5
P Parameswaran,0.0,,0.0,,118.80341880341881,19.727272727272727,93.82142857142857,159.0,226.0,8.0,9.0,8.528301886792454,25.11111111111111,8.37037037037037
P Prasanth,0.0,,0.0,,118.80341880341881,19.727272727272727,93.82142857142857,6.0,18.0,1.0,0.0,18.0,31.396128841607563,18.0
P Ray Barman,0.0,,0.0,,118.80341880341881,19.727272727272727,93.82142857142857,24.0,56.0,1.0,0.0,14.0,31.396128841607563,14.0
P Sahu,0.0,,0.0,,118.80341880341881,19.727272727272727,93.82142857142857,107.0,152.0,5.0,3.0,8.52336448598131,50.666666666666664,8.444444444444445
P Simran Singh,1355.0,904.0,52.0,52.0,149.88938053097345,26.057692307692307,120.33080808080808,,,,0.0,8.529553786998122,31.396128841607563,9.1
P Suyal,0.0,,0.0,,118.80341880341881,19.727272727272727,93.82142857142857,107.0,154.0,5.0,2.0,8.63551401869159,77.0,9.625
PA Patel,2848.0,2442.0,136.0,127.0,116.62571662571663,22.4251968503937,134.04864864864865,,,,0.0,8.529553786998122,31.396128841607563,9.1
PA Reddy,164.0,167.0,10.0,10.0,98.20359281437125,16.4,69.94890077243018,,,,0.0,8.529553786998122,31.396128841607563,9.1
PBB Rajapaksa,277.0,201.0,13.0,12.0,137.81094527363186,23.083333333333332,78.86904761904762,,,,0.0,8.529553786998122,31.396128841607563,9.1
PC Valthaty,505.0,432.0,23.0,22.0,116.89814814814814,22.954545454545453,38.83660130718954,153.0,207.0,10.0,7.0,8.117647058823529,29.571428571428573,7.961538461538462
PD Collingwood,203.0,159.0,7.0,4.0,127.67295597484276,50.75,86.96915718291275,90.0,101.0,6.0,5.0,6.733333333333333,20.2,6.733333333333333
PD Salt,1056.0,623.0,34.0,32.0,169.5024077046549,33.0,162.33101708519663,,,,0.0,8.529553786998122,31.396128841607563,9.1
PH Solanki,0.0,,0.0,,118.80341880341881,19.727272727272727,93.82142857142857,36.0,39.0,2.0,2.0,6.5,19.5,6.5
PHKD Mendis,0.0,,0.0,,118.80341880341881,19.727272727272727,93.82142857142857,42.0,60.0,4.0,2.0,8.571428571428571,30.0,8.571428571428571
PJ Cummins,612.0,417.0,48.0,33.0,146.76258992805757,18.545454545454547,180.22222222222223,1682.0,2436.0,72.0,79.0,8.689655172413794,30.835443037974684,7.966666666666667
PJ Sangwan,26.0,47.0,14.0,8.0,55.319148936170215,3.25,36.666666666666664,905.0,1267.0,42.0,38.0,8.4,33.3421052631579,9.366666666666667
PK Garg,273.0,247.0,19.0,19.0,110.5263157894737,14.368421052631579,98.23703178541886,,,,0.0,8.529553786998122,31.396128841607563,9.1
PM Sarvesh Kumar,0.0,,0.0,,118.80341880341881,19.727272727272727,93.82142857142857,31.0,42.0,2.0,1.0,8.129032258064516,42.0,8.4
PP Chawla,624.0,580.0,86.0,57.0,107.58620689655172,10.947368421052632,90.0,3895.0,5179.0,191.0,192.0,7.977920410783056,26.973958333333332,8.233333333333333
PP Ojha,16.0,45.0,19.0,10.0,35.55555555555556,1.6,64.0,1945.0,2399.0,90.0,89.0,7.40051413881748,26.95505617977528,8.633333333333333
PP Shaw,1892.0,1321.0,79.0,77.0,143.22482967448903,24.571428571428573,180.35281385281388,,,,0.0,8.529553786998122,31.396128841607563,9.1
PR Shah,92.0,97.0,9.0,8.0,94.84536082474226,11.5,101.90971499895986,,,,0.0,8.529553786998122,31.396128841607563,9.1
PV Tambe,18.0,39.0,6.0,1.0,46.15384615384615,18.0,65.93984962406014,674.0,866.0,33.0,28.0,7.70919881305638,30.928571428571427,9.133333333333333
PVD Chameera,53.0,46.0,10.0,3.0,115.21739130434783,17.666666666666668,73.33333333333334,408.0,640.0,19.0,13.0,9.411764705882353,49.23076923076923,12.166666666666666
PVSN Raju,0.0,,0.0,,118.80341880341881,19.727272727272727,93.82142857142857,29.0,54.0,2.0,1.0,11.172413793103448,54.0,13.5
PWA Mulder,0.0,,0.0,,118.80341880341881,19.727272727272727,93.82142857142857,6.0,16.0,1.0,0.0,16.0,31.396128841607563,16.0
PWH de Silva,81.0,95.0,19.0,16.0,85.26315789473684,5.0625,42.666666666666664,808.0,1134.0,37.0,46.0,8.42079207920792,24.652173913043477,8.966666666666667
Pankaj Singh,0.0,,0.0,,118.80341880341881,19.727272727272727,93.82142857142857,311.0,472.0,17.0,11.0,9.106109324758842,42.90909090909091,9.266666666666667
Parvez Rasool,0.0,,0.0,,118.80341880341881,19.727272727272727,93.82142857142857,200.0,273.0,11.0,4.0,8.19,68.25,8.533333333333333
Prince Yadav,0.0,,0.0,,118.80341880341881,19.727272727272727,93.82142857142857,144.0,226.0,6.0,3.0,9.416666666666666,75.33333333333333,9.826086956521738
Priyansh Arya,545.0,310.0,18.0,18.0,175.80645161290323,30.27777777777778,137.51351351351352,,,,0.0,8.529553786998122,31.396128841607563,9.1
Q de Kock,3312.0,2533.0,115.0,108.0,130.754046585077,30.666666666666668,85.45329670329672,,,,0.0,8.529553786998122,31.396128841607563,9.1
R Ashwin,833.0,728.0,93.0,62.0,114.42307692307692,13.435483870967742,85.71428571428571,4868.0,5721.0,217.0,187.0,7.0513557929334425,30.593582887700535,9.066666666666666
R Bhatia,342.0,290.0,47.0,29.0,117.9310344827586,11.793103448275861,152.00534759358288,1661.0,2059.0,91.0,71.0,7.437688139674895,29.0,7.933333333333334
R Dhawan,210.0,188.0,22.0,10.0,111.70212765957446,21.0,157.36596736596738,693.0,922.0,36.0,25.0,7.982683982683983,36.88,9.066666666666666
R Dravid,2174.0,1918.0,82.0,77.0,113.34723670490095,28.233766233766232,97.12419562419562,,,,0.0,8.529553786998122,31.396128841607563,9.1
R Goyal,0.0,,0.0,,118.80341880341881,19.727272727272727,93.82142857142857,24.0,34.0,1.0,0.0,8.5,31.396128841607563,8.5
R McLaren,159.0,178.0,13.0,8.0,89.32584269662921,19.875,54.82683982683983,372.0,558.0,18.0,12.0,9.0,46.5,10.533333333333333
R Ninan,0.0,,0.0,,118.80341880341881,19.727272727272727,93.82142857142857,36.0,65.0,2.0,3.0,10.833333333333334,21.666666666666668,10.833333333333334
R Parag,1570.0,1156.0,72.0,60.0,135.81314878892735,26.166666666666668,157.88636363636365,309.0,478.0,30.0,7.0,9.281553398058252,68.28571428571429,9.7
R Powell,365.0,261.0,23.0,21.0,139.84674329501917,17.38095238095238,106.28571428571429,21.0,35.0,2.0,1.0,10.0,35.0,11.666666666666666
R Rampaul,51.0,52.0,7.0,5.0,98.07692307692307,10.2,60.55555555555556,278.0,319.0,12.0,16.0,6.884892086330935,19.9375,7.033333333333333
R Ravindra,413.0,298.0,18.0,16.0,138.59060402684565,25.8125,94.9407114624506,12.0,7.0,2.0,0.0,3.5,31.396128841607563,3.5
R Sai Kishore,0.0,,0.0,,118.80341880341881,19.727272727272727,93.82142857142857,453.0,655.0,25.0,32.0,8.675496688741722,20.46875,9.9
R Sanjay Yadav,0.0,,0.0,,118.80341880341881,19.727272727272727,93.82142857142857,14.0,23.0,1.0,0.0,9.857142857142856,31.396128841607563,11.5
R Sathish,270.0,236.0,24.0,16.0,114.40677966101696,16.875,114.6984126984127,144.0,233.0,14.0,3.0,9.708333333333334,77.66666666666667,9.708333333333334
R Sharma,66.0,77.0,19.0,11.0,85.71428571428571,6.0,36.66666666666667,935.0,1100.0,44.0,40.0,7.0588235294117645,27.5,8.433333333333334
R Shepherd,185.0,93.0,12.0,8.0,198.9247311827957,23.125,128.44444444444443,223.0,416.0,15.0,10.0,11.192825112107624,41.6,12.433333333333334
R Shukla,0.0,,0.0,,118.80341880341881,19.727272727272727,93.82142857142857,130.0,217.0,7.0,5.0,10.015384615384615,43.4,10.85
R Tewatia,1112.0,851.0,76.0,49.0,130.66980023501762,22.693877551020407,135.5,866.0,1117.0,52.0,32.0,7.739030023094688,34.90625,9.366666666666667
R Vinay Kumar,310.0,289.0,42.0,26.0,107.26643598615917,11.923076923076923,71.81818181818184,2186.0,3041.0,104.0,105.0,8.346752058554438,28.961904761904762,9.366666666666667
RA Jadeja,3260.0,2607.0,194.0,122.0,125.04794783275797,26.721311475409838,126.66081871345031,4127.0,5242.0,225.0,170.0,7.6210322267991275,30.83529411764706,8.266666666666667
RA Shaikh,0.0,,0.0,,118.80341880341881,19.727272727272727,93.82142857142857,6.0,11.0,1.0,0.0,11.0,31.396128841607563,11.0
RA Tripathi,2291.0,1707.0,98.0,85.0,134.21206795547744,26.95294117647059,103.42264752791068,6.0,12.0,1.0,0.0,12.0,31.396128841607563,12.0
RD Chahar,129.0,127.0,22.0,16.0,101.5748031496063,8.0625,72.0,1703.0,2174.0,78.0,75.0,7.6594245449207286,28.986666666666668,8.933333333333334
RD Gaikwad,2502.0,1863.0,70.0,61.0,134.29951690821255,41.01639344262295,96.07226107226107,,,,0.0,8.529553786998122,31.396128841607563,9.1
RD Rickelton,388.0,266.0,14.0,13.0,145.86466165413535,29.846153846153847,140.42929292929293,,,,0.0,8.529553786998122,31.396128841607563,9.1
RE Levi,83.0,74.0,6.0,6.0,112.16216216216218,13.833333333333334,38.03030303030303,,,,0.0,8.529553786998122,31.396128841607563,9.1
RE van der Merwe,159.0,144.0,15.0,12.0,110.41666666666667,13.25,71.94444444444443,455.0,515.0,21.0,21.0,6.791208791208792,24.523809523809526,6.266666666666667
RG More,0.0,,0.0,,118.80341880341881,19.727272727272727,93.82142857142857,37.0,63.0,2.0,1.0,10.216216216216216,63.0,10.5
RG Sharma,7048.0,5475.0,266.0,246.0,128.73059360730593,28.650406504065042,113.62670807453416,349.0,462.0,32.0,15.0,7.9426934097421205,30.8,8.833333333333334
RJ Gleeson,0.0,,0.0,,118.80341880341881,19.727272727272727,93.82142857142857,73.0,111.0,3.0,2.0,9.123287671232877,55.5,9.25
RJ Harris,117.0,112.0,21.0,12.0,104.46428571428572,9.75,75.33333333333333,865.0,1085.0,37.0,45.0,7.526011560693642,24.11111111111111,7.0
RJ Peterson,0.0,,0.0,,118.80341880341881,19.727272727272727,93.82142857142857,48.0,70.0,4.0,3.0,8.75,23.333333333333332,8.75
RJ Quiney,103.0,105.0,7.0,7.0,98.09523809523809,14.714285714285714,72.27272727272728,,,,0.0,8.529553786998122,31.396128841607563,9.1
RJW Topley,0.0,,0.0,,118.80341880341881,19.727272727272727,93.82142857142857,125.0,222.0,6.0,5.0,10.656,44.4,11.1
RK Singh,1099.0,793.0,51.0,36.0,138.5876418663304,30.52777777777778,174.28571428571428,,,,0.0,8.529553786998122,31.396128841607563,9.1
RM Patidar,1111.0,759.0,38.0,36.0,146.3768115942029,30.86111111111111,146.25,,,,0.0,8.529553786998122,31.396128841607563,9.1
RN ten Doeschate,326.0,238.0,21.0,17.0,136.9747899159664,19.176470588235293,114.28571428571429,83.0,94.0,10.0,2.0,6.795180722891566,47.0,7.230769230769231
RP Meredith,0.0,,0.0,,118.80341880341881,19.727272727272727,93.82142857142857,415.0,621.0,18.0,19.0,8.978313253012047,32.68421052631579,10.066666666666666
RP Singh,52.0,78.0,28.0,15.0,66.66666666666666,3.466666666666667,72.0,1874.0,2417.0,82.0,90.0,7.738527214514408,26.855555555555554,9.2
RR Bhatkal,0.0,,0.0,,118.80341880341881,19.727272727272727,93.82142857142857,12.0,35.0,1.0,0.0,17.5,31.396128841607563,17.5
RR Bose,0.0,,0.0,,118.80341880341881,19.727272727272727,93.82142857142857,12.0,24.0,1.0,0.0,12.0,31.396128841607563,12.0
RR Pant,3566.0,2504.0,123.0,107.0,142.41214057507986,33.32710280373832,175.3034547152194,,,,0.0,8.529553786998122,31.396128841607563,9.1
RR Powar,67.0,64.0,9.0,3.0,104.6875,22.333333333333332,85.23809523809523,443.0,538.0,26.0,13.0,7.286681715575622,41.38461538461539,8.466666666666667
RR Raje,0.0,,0.0,,118.80341880341881,19.727272727272727,93.82142857142857,144.0,214.0,10.0,6.0,8.916666666666666,35.666666666666664,8.916666666666666
RR Rossouw,473.0,321.0,22.0,21.0,147.35202492211837,22.523809523809526,151.12364672364671,,,,0.0,8.529553786998122,31.396128841607563,9.1
RS Bopara,531.0,468.0,22.0,19.0,113.46153846153845,27.94736842105263,84.09997409997409,213.0,301.0,14.0,11.0,8.47887323943662,27.363636363636363,9.0
RS Gavaskar,0.0,,0.0,,118.80341880341881,19.727272727272727,93.82142857142857,6.0,8.0,1.0,0.0,8.0,31.396128841607563,8.0
RS Hangargekar,0.0,,0.0,,118.80341880341881,19.727272727272727,93.82142857142857,43.0,60.0,2.0,3.0,8.372093023255813,20.0,10.0
RT Ponting,91.0,129.0,9.0,8.0,70.54263565891473,11.375,53.830065359477125,,,,0.0,8.529553786998122,31.396128841607563,9.1
RV Gomez,50.0,53.0,9.0,7.0,94.33962264150944,7.142857142857143,122.08333333333333,97.0,130.0,9.0,5.0,8.041237113402062,26.0,8.125
RV Patel,80.0,76.0,7.0,5.0,105.26315789473684,16.0,129.52380952380952,20.0,22.0,1.0,0.0,6.6,31.396128841607563,7.333333333333333
RV Uthappa,4954.0,3927.0,197.0,184.0,126.15227909345556,26.92391304347826,36.023809523809526,,,,0.0,8.529553786998122,31.396128841607563,9.1
RW Price,0.0,,0.0,,118.80341880341881,19.727272727272727,93.82142857142857,18.0,33.0,1.0,0.0,11.0,31.396128841607563,11.0
Rahmanullah Gurbaz,363.0,283.0,18.0,17.0,128.26855123674912,21.352941176470587,104.7008547008547,,,,0.0,8.529553786998122,31.396128841607563,9.1
Ramandeep Singh,217.0,142.0,20.0,11.0,152.8169014084507,19.727272727272727,92.0,45.0,64.0,4.0,6.0,8.533333333333333,10.666666666666666,9.142857142857142
Rashid Khan,585.0,387.0,66.0,42.0,151.1627906976744,13.928571428571429,60.0,3237.0,3863.0,136.0,158.0,7.160333642261353,24.449367088607595,9.466666666666667
Rasikh Salam,40.0,40.0,6.0,5.0,100.0,8.0,120.0,245.0,412.0,13.0,10.0,10.089795918367347,41.2,11.1
Ravi Bishnoi,45.0,68.0,16.0,9.0,66.17647058823529,5.0,51.904761904761905,1693.0,2263.0,76.0,72.0,8.020082693443591,31.430555555555557,10.733333333333333
S Anirudha,136.0,121.0,12.0,8.0,112.39669421487604,17.0,107.0,,,,0.0,8.529553786998122,31.396128841607563,9.1
S Aravind,59.0,59.0,10.0,3.0,100.0,19.666666666666668,98.72619047619048,788.0,1057.0,38.0,45.0,8.048223350253807,23.488888888888887,8.966666666666667
S Badree,0.0,,0.0,,118.80341880341881,19.727272727272727,93.82142857142857,263.0,329.0,12.0,11.0,7.505703422053232,29.90909090909091,7.9
S Badrinath,1441.0,1245.0,65.0,48.0,115.74297188755021,30.020833333333332,56.63461538461538,,,,0.0,8.529553786998122,31.396128841607563,9.1
S Dhawan,6769.0,5483.0,221.0,192.0,123.45431333211745,35.255208333333336,102.34210526315789,49.0,72.0,6.0,4.0,8.816326530612246,18.0,9.0
S Dube,1859.0,1366.0,75.0,61.0,136.09077598828696,30.475409836065573,155.48584298584296,130.0,223.0,15.0,5.0,10.292307692307691,44.6,10.619047619047619
S Gopal,180.0,173.0,22.0,13.0,104.04624277456647,13.846153846153847,109.88095238095238,1000.0,1358.0,51.0,52.0,8.148,26.115384615384617,9.0
S Joseph,0.0,,0.0,,118.80341880341881,19.727272727272727,93.82142857142857,30.0,51.0,1.0,0.0,10.2,31.396128841607563,12.75
S Kaul,20.0,36.0,9.0,3.0,55.55555555555556,6.666666666666667,59.11111111111111,1238.0,1772.0,55.0,58.0,8.588045234248789,30.551724137931036,8.6
S Kaushik,0.0,,0.0,,118.80341880341881,19.727272727272727,93.82142857142857,210.0,304.0,10.0,6.0,8.685714285714285,50.666666666666664,8.966666666666667
S Ladda,0.0,,0.0,,118.80341880341881,19.727272727272727,93.82142857142857,141.0,225.0,9.0,5.0,9.574468085106384,45.0,9.782608695652174
S Lamichhane,0.0,,0.0,,118.80341880341881,19.727272727272727,93.82142857142857,211.0,297.0,9.0,13.0,8.445497630331754,22.846153846153847,8.866666666666667
S Midhun,0.0,,0.0,,118.80341880341881,19.727272727272727,93.82142857142857,13.0,29.0,1.0,0.0,13.384615384615385,31.396128841607563,14.5
S Nadeem,39.0,88.0,20.0,16.0,44.31818181818182,2.4375,55.0,1444.0,1800.0,70.0,48.0,7.4792243767313025,37.5,8.2
S Narwal,0.0,,0.0,,118.80341880341881,19.727272727272727,93.82142857142857,113.0,203.0,6.0,5.0,10.778761061946904,40.6,11.277777777777779
S Rana,91.0,82.0,8.0,5.0,110.97560975609757,18.2,114.04761904761904,16.0,18.0,3.0,0.0,6.75,31.396128841607563,6.0
S Randiv,0.0,,0.0,,118.80341880341881,19.727272727272727,93.82142857142857,180.0,223.0,8.0,6.0,7.433333333333334,37.166666666666664,7.689655172413793
S Sandeep Warrier,0.0,,0.0,,118.80341880341881,19.727272727272727,93.82142857142857,176.0,257.0,10.0,8.0,8.761363636363637,32.125,9.178571428571429
S Sohal,368.0,311.0,20.0,18.0,118.32797427652733,20.444444444444443,99.37121212121212,,,,0.0,8.529553786998122,31.396128841607563,9.1
S Sreesanth,34.0,57.0,12.0,3.0,59.64912280701754,11.333333333333334,13.333333333333332,947.0,1221.0,44.0,40.0,7.736008447729672,30.525,7.433333333333334
S Sriram,0.0,,0.0,,118.80341880341881,19.727272727272727,93.82142857142857,18.0,49.0,2.0,0.0,16.333333333333332,31.396128841607563,16.333333333333332
S Tyagi,0.0,,0.0,,118.80341880341881,19.727272727272727,93.82142857142857,220.0,304.0,14.0,6.0,8.290909090909091,50.666666666666664,9.1
S Vidyut,145.0,115.0,8.0,8.0,126.08695652173914,18.125,95.75757575757575,13.0,22.0,1.0,1.0,10.153846153846155,22.0,11.0
SA Abbott,0.0,,0.0,,118.80341880341881,19.727272727272727,93.82142857142857,59.0,104.0,3.0,1.0,10.576271186440678,104.0,11.555555555555555
SA Asnodkar,423.0,352.0,19.0,19.0,120.17045454545455,22.263157894736842,100.33333333333334,,,,0.0,8.529553786998122,31.396128841607563,9.1
SA Yadav,4311.0,2961.0,151.0,123.0,145.59270516717325,35.048780487804876,157.10916602777067,6.0,8.0,1.0,0.0,8.0,31.396128841607563,8.0
SB Bangar,49.0,58.0,7.0,6.0,84.48275862068965,8.166666666666666,80.51587301587301,153.0,221.0,9.0,4.0,8.666666666666666,55.25,8.84
SB Dubey,139.0,87.0,11.0,7.0,159.77011494252872,19.857142857142858,143.33333333333331,,,,0.0,8.529553786998122,31.396128841607563,9.1
SB Jakati,0.0,,0.0,,118.80341880341881,19.727272727272727,93.82142857142857,1101.0,1474.0,57.0,47.0,8.032697547683924,31.361702127659573,9.5
SB Joshi,0.0,,0.0,,118.80341880341881,19.727272727272727,93.82142857142857,55.0,82.0,4.0,1.0,8.945454545454545,82.0,8.2
SB Styris,131.0,134.0,10.0,7.0,97.76119402985076,18.714285714285715,128.33333333333334,222.0,278.0,11.0,8.0,7.513513513513513,34.75,8.266666666666667
SB Wagh,0.0,,0.0,,118.80341880341881,19.727272727272727,93.82142857142857,108.0,147.0,8.0,5.0,8.166666666666666,29.4,8.647058823529411
SC Ganguly,1349.0,1326.0,56.0,54.0,101.73453996983409,24.98148148148148,69.088693957115,280.0,370.0,20.0,10.0,7.928571428571429,37.0,9.166666666666666
SC Kuggeleijn,0.0,,0.0,,118.80341880341881,19.727272727272727,93.82142857142857,50.0,71.0,2.0,2.0,8.52,35.5,8.875
SD Chitnis,99.0,92.0,8.0,7.0,107.6086956521739,14.142857142857142,101.07792207792207,38.0,62.0,2.0,2.0,9.789473684210527,31.0,10.333333333333334
SD Hope,183.0,125.0,9.0,8.0,146.4,22.875,158.60885733603786,,,,0.0,8.529553786998122,31.396128841607563,9.1
SE Bond,0.0,,0.0,,118.80341880341881,19.727272727272727,93.82142857142857,191.0,225.0,8.0,9.0,7.068062827225131,25.0,7.466666666666667
SE Marsh,2489.0,1913.0,69.0,65.0,130.10977522216413,38.292307692307695,114.1035696329814,,,,0.0,8.529553786998122,31.396128841607563,9.1
SE Rutherford,397.0,310.0,20.0,18.0,128.06451612903226,22.055555555555557,122.55555555555557,46.0,60.0,6.0,1.0,7.826086956521739,60.0,8.571428571428571
SH Johnson,0.0,,0.0,,118.80341880341881,19.727272727272727,93.82142857142857,172.0,289.0,9.0,5.0,10.081395348837209,57.8,10.321428571428571
SJ Srivastava,0.0,,0.0,,118.80341880341881,19.727272727272727,93.82142857142857,306.0,444.0,14.0,14.0,8.705882352941176,31.714285714285715,9.7
SK Raina,5536.0,4177.0,200.0,168.0,132.53531242518554,32.95238095238095,97.67099567099567,930.0,1139.0,69.0,25.0,7.348387096774194,45.56,8.566666666666666
SK Trivedi,42.0,61.0,14.0,8.0,68.85245901639344,5.25,66.66666666666667,1557.0,1944.0,75.0,65.0,7.491329479768786,29.907692307692308,7.033333333333333
SK Warne,198.0,219.0,27.0,19.0,90.41095890410958,10.421052631578947,59.777777777777786,1223.0,1465.0,54.0,57.0,7.187244480784955,25.70175438596491,6.633333333333334
SL Malinga,88.0,103.0,20.0,12.0,85.43689320388349,7.333333333333333,90.9090909090909,2974.0,3486.0,122.0,170.0,7.032952252858103,20.50588235294118,10.133333333333333
SM Boland,0.0,,0.0,,118.80341880341881,19.727272727272727,93.82142857142857,43.0,56.0,2.0,2.0,7.813953488372093,28.0,8.0
SM Curran,997.0,761.0,53.0,41.0,131.011826544021,24.317073170731707,93.70638511814983,1308.0,2059.0,63.0,59.0,9.444954128440367,34.898305084745765,11.8
SM Harwood,0.0,,0.0,,118.80341880341881,19.727272727272727,93.82142857142857,67.0,74.0,3.0,3.0,6.6268656716417915,24.666666666666668,7.4
SM Katich,241.0,191.0,11.0,10.0,126.17801047120419,24.1,88.67132867132867,,,,0.0,8.529553786998122,31.396128841607563,9.1
SM Pollock,147.0,116.0,8.0,8.0,126.72413793103448,18.375,80.15686274509804,280.0,307.0,13.0,11.0,6.578571428571429,27.90909090909091,5.233333333333333
SMSM Senanayake,0.0,,0.0,,118.80341880341881,19.727272727272727,93.82142857142857,195.0,211.0,8.0,9.0,6.492307692307692,23.444444444444443,6.733333333333333
SN Khan,585.0,456.0,36.0,29.0,128.28947368421052,20.17241379310345,95.32959850606909,2.0,6.0,1.0,0.0,18.0,31.396128841607563,6.0
SN Thakur,325.0,243.0,40.0,26.0,133.7448559670782,12.5,130.0,2205.0,3284.0,102.0,107.0,8.936054421768707,30.69158878504673,11.3
SO Hetmyer,1488.0,1036.0,78.0,53.0,143.62934362934362,28.07547169811321,110.0,,,,0.0,8.529553786998122,31.396128841607563,9.1
SP Fleming,196.0,171.0,10.0,9.0,114.61988304093566,21.77777777777778,133.90722495894912,,,,0.0,8.529553786998122,31.396128841607563,9.1
SP Goswami,293.0,307.0,21.0,20.0,95.43973941368078,14.65,71.66666666666666,,,,0.0,8.529553786998122,31.396128841607563,9.1
SP Jackson,61.0,57.0,8.0,6.0,107.01754385964912,10.166666666666666,74.28571428571429,,,,0.0,8.529553786998122,31.396128841607563,9.1
SP Narine,1780.0,1144.0,118.0,95.0,155.5944055944056,18.736842105263158,142.44719642242862,4421.0,5029.0,187.0,192.0,6.825152680389052,26.192708333333332,7.3
SPD Smith,2495.0,1999.0,93.0,78.0,124.81240620310155,31.987179487179485,110.45935828877005,2.0,5.0,1.0,0.0,15.0,31.396128841607563,5.0
SR Tendulkar,2334.0,2044.0,78.0,69.0,114.18786692759295,33.82608695652174,110.41946559187939,37.0,59.0,4.0,0.0,9.567567567567567,31.396128841607563,9.833333333333334
SR Watson,3880.0,2892.0,141.0,126.0,134.1632088520055,30.793650793650794,123.23099415204679,2137.0,2742.0,105.0,92.0,7.698642957416939,29.804347826086957,8.6
SS Agarwal,0.0,,0.0,,118.80341880341881,19.727272727272727,93.82142857142857,24.0,42.0,1.0,1.0,10.5,42.0,10.5
SS Cottrell,0.0,,0.0,,118.80341880341881,19.727272727272727,93.82142857142857,131.0,177.0,6.0,6.0,8.106870229007635,29.5,8.85
SS Iyer,3735.0,2905.0,131.0,114.0,128.57142857142858,32.76315789473684,125.63585434173669,6.0,7.0,1.0,0.0,7.0,31.396128841607563,7.0
SS Mundhe,0.0,,0.0,,118.80341880341881,19.727272727272727,93.82142857142857,7.0,6.0,1.0,1.0,5.142857142857142,6.0,6.0
SS Prabhudessai,126.0,113.0,10.0,9.0,111.50442477876106,14.0,91.77109440267336,,,,0.0,8.529553786998122,31.396128841607563,9.1
SS Sarkar,0.0,,0.0,,118.80341880341881,19.727272727272727,93.82142857142857,25.0,34.0,2.0,1.0,8.16,34.0,6.8
SS Tiwary,1494.0,1291.0,73.0,50.0,115.72424477149497,29.88,141.7040419109739,,,,0.0,8.529553786998122,31.396128841607563,9.1
SSB Magala,0.0,,0.0,,118.80341880341881,19.727272727272727,93.82142857142857,37.0,52.0,2.0,1.0,8.432432432432432,52.0,8.666666666666666
ST Jayasuriya,768.0,573.0,30.0,29.0,134.03141361256544,26.482758620689655,56.72727272727273,301.0,396.0,21.0,13.0,7.893687707641196,30.46153846153846,8.033333333333333
STR Binny,880.0,700.0,66.0,44.0,125.71428571428571,20.0,140.47619047619048,611.0,763.0,63.0,22.0,7.4926350245499185,34.68181818181818,8.066666666666666
SV Samson,4704.0,3475.0,171.0,150.0,135.36690647482015,31.36,129.15837982051903,,,,0.0,8.529553786998122,31.396128841607563,9.1
SW Billings,503.0,399.0,27.0,26.0,126.06516290726817,19.346153846153847,127.29445822994212,,,,0.0,8.529553786998122,31.396128841607563,9.1
SW Tait,0.0,,0.0,,118.80341880341881,19.727272727272727,93.82142857142857,534.0,668.0,21.0,23.0,7.50561797752809,29.043478260869566,7.933333333333334
SZ Mulani,0.0,,0.0,,118.80341880341881,19.727272727272727,93.82142857142857,33.0,57.0,2.0,0.0,10.363636363636363,31.396128841607563,11.4
Sachin Baby,144.0,123.0,11.0,10.0,117.07317073170731,14.4,84.90196078431373,10.0,8.0,2.0,2.0,4.8,4.0,4.0
Salman Butt,193.0,172.0,7.0,7.0,112.20930232558139,27.571428571428573,109.64847563783735,,,,0.0,8.529553786998122,31.396128841607563,9.1
Sameer Rizvi,172.0,126.0,9.0,7.0,136.5079365079365,24.571428571428573,146.27808901338312,,,,0.0,8.529553786998122,31.396128841607563,9.1
Sandeep Sharma,60.0,79.0,26.0,5.0,75.9493670886076,12.0,53.33333333333333,3168.0,4134.0,136.0,146.0,7.829545454545454,28.315068493150687,9.8
Shahbaz Ahmed,545.0,475.0,38.0,30.0,114.73684210526316,18.166666666666668,71.7207792207792,605.0,953.0,45.0,22.0,9.451239669421488,43.31818181818182,9.833333333333334
Shahid Afridi,81.0,46.0,9.0,8.0,176.08695652173913,10.125,73.80952380952381,185.0,237.0,10.0,9.0,7.686486486486487,26.333333333333332,7.9
Shakib Al Hasan,795.0,665.0,52.0,40.0,119.54887218045114,19.875,70.8,1515.0,1864.0,70.0,63.0,7.3821782178217825,29.58730158730159,7.133333333333334
Shashank Singh,773.0,510.0,33.0,18.0,151.5686274509804,42.94444444444444,123.75757575757575,31.0,52.0,4.0,1.0,10.064516129032258,52.0,10.4
Shivam Mavi,51.0,58.0,11.0,9.0,87.93103448275862,5.666666666666667,59.52380952380953,687.0,958.0,32.0,30.0,8.366812227074236,31.933333333333334,9.6
Shivam Sharma,0.0,,0.0,,118.80341880341881,19.727272727272727,93.82142857142857,114.0,165.0,5.0,4.0,8.68421052631579,41.25,8.68421052631579
Shoaib Ahmed,0.0,,0.0,,118.80341880341881,19.727272727272727,93.82142857142857,103.0,154.0,7.0,5.0,8.970873786407767,30.8,9.058823529411764
Shoaib Akhtar,0.0,,0.0,,118.80341880341881,19.727272727272727,93.82142857142857,46.0,54.0,3.0,5.0,7.0434782608695645,10.8,7.714285714285714
Shoaib Malik,0.0,,0.0,,118.80341880341881,19.727272727272727,93.82142857142857,58.0,87.0,5.0,2.0,9.0,43.5,9.666666666666666
Shubman Gill,3866.0,2867.0,114.0,98.0,134.84478549005928,39.44897959183673,122.0762729334158,,,,0.0,8.529553786998122,31.396128841607563,9.1
Sikandar Raza,182.0,143.0,9.0,7.0,127.27272727272727,26.0,135.82887700534758,88.0,146.0,7.0,3.0,9.954545454545455,48.666666666666664,10.428571428571429
Simarjeet Singh,10.0,15.0,6.0,3.0,66.66666666666666,3.3333333333333335,48.33333333333333,256.0,411.0,14.0,11.0,9.6328125,37.36363636363637,10.766666666666667
Sohail Tanvir,0.0,,0.0,,118.80341880341881,19.727272727272727,93.82142857142857,265.0,275.0,11.0,22.0,6.226415094339623,12.5,6.533333333333333
Sumit Kumar,0.0,,0.0,,118.80341880341881,19.727272727272727,93.82142857142857,22.0,38.0,2.0,0.0,10.363636363636363,31.396128841607563,9.5
Sunny Gupta,0.0,,0.0,,118.80341880341881,19.727272727272727,93.82142857142857,19.0,47.0,1.0,0.0,14.842105263157896,31.396128841607563,15.666666666666666
Suryansh Shedge,0.0,,0.0,,118.80341880341881,19.727272727272727,93.82142857142857,19.0,40.0,1.0,0.0,12.631578947368421,31.396128841607563,13.333333333333334
Suyash Sharma,0.0,,0.0,,118.80341880341881,19.727272727272727,93.82142857142857,569.0,835.0,27.0,18.0,8.804920913884008,46.388888888888886,9.2
Swapnil Singh,51.0,46.0,9.0,5.0,110.86956521739131,10.2,138.33333333333334,165.0,241.0,14.0,7.0,8.763636363636364,34.42857142857143,8.925925925925926
T Henderson,0.0,,0.0,,118.80341880341881,19.727272727272727,93.82142857142857,36.0,41.0,2.0,1.0,6.833333333333333,41.0,6.833333333333333
T Natarajan,0.0,,0.0,,118.80341880341881,19.727272727272727,93.82142857142857,1426.0,2054.0,63.0,68.0,8.642356241234221,30.205882352941178,9.333333333333334
T Shamsi,0.0,,0.0,,118.80341880341881,19.727272727272727,93.82142857142857,120.0,185.0,5.0,3.0,9.25,61.666666666666664,9.25
T Stubbs,711.0,442.0,30.0,17.0,160.85972850678735,41.8235294117647,107.15873015873015,37.0,69.0,5.0,4.0,11.18918918918919,17.25,11.5
T Thushara,0.0,,0.0,,118.80341880341881,19.727272727272727,93.82142857142857,144.0,164.0,6.0,8.0,6.833333333333333,20.5,7.130434782608695
TA Boult,85.0,86.0,24.0,8.0,98.83720930232558,10.625,60.0,2785.0,3806.0,119.0,143.0,8.199640933572711,26.615384615384617,8.333333333333334
TG Southee,120.0,108.0,19.0,11.0,111.11111111111111,10.909090909090908,24.0,1262.0,1774.0,54.0,47.0,8.434231378763867,37.744680851063826,9.433333333333334
TH David,846.0,524.0,44.0,26.0,161.45038167938932,32.53846153846154,160.54487179487177,,,,0.0,8.529553786998122,31.396128841607563,9.1
TK Curran,127.0,108.0,10.0,5.0,117.59259259259258,25.4,153.89705882352942,252.0,432.0,13.0,13.0,10.285714285714286,33.23076923076923,9.9
TL Suman,676.0,587.0,39.0,30.0,115.1618398637138,22.533333333333335,72.0952380952381,152.0,198.0,11.0,6.0,7.815789473684211,33.0,7.92
TM Dilshan,1153.0,1047.0,50.0,41.0,110.12416427889207,28.121951219512194,63.779904306220104,275.0,368.0,25.0,5.0,8.02909090909091,73.6,9.1
TM Head,1146.0,706.0,37.0,33.0,162.32294617563738,34.72727272727273,114.99310776942357,58.0,113.0,6.0,2.0,11.689655172413794,56.5,10.272727272727273
TP Sudhindra,0.0,,0.0,,118.80341880341881,19.727272727272727,93.82142857142857,74.0,137.0,3.0,1.0,11.108108108108107,137.0,11.416666666666666
TS Mills,0.0,,0.0,,118.80341880341881,19.727272727272727,93.82142857142857,218.0,349.0,10.0,11.0,9.605504587155963,31.727272727272727,10.4
TU Deshpande,28.0,24.0,8.0,2.0,116.66666666666667,14.0,76.66666666666666,1043.0,1617.0,46.0,51.0,9.302013422818792,31.705882352941178,10.7
Tejas Baroka,0.0,,0.0,,118.80341880341881,19.727272727272727,93.82142857142857,21.0,33.0,1.0,0.0,9.428571428571429,31.396128841607563,8.25
Tilak Varma,1499.0,1089.0,51.0,38.0,137.6492194674013,39.44736842105263,116.57359307359306,23.0,28.0,4.0,0.0,7.304347826086956,31.396128841607563,7.0
UBT Chand,300.0,314.0,20.0,20.0,95.54140127388536,15.0,92.57142857142857,,,,0.0,8.529553786998122,31.396128841607563,9.1
UT Khawaja,127.0,105.0,6.0,5.0,120.95238095238095,25.4,148.64405439595194,,,,0.0,8.529553786998122,31.396128841607563,9.1
UT Yadav,208.0,211.0,48.0,21.0,98.5781990521327,9.904761904761905,73.5151515151515,3190.0,4442.0,147.0,144.0,8.354858934169279,30.84722222222222,10.6
Umar Gul,0.0,,0.0,,118.80341880341881,19.727272727272727,93.82142857142857,153.0,198.0,6.0,12.0,7.764705882352941,16.5,8.608695652173912
Umran Malik,0.0,,0.0,,118.80341880341881,19.727272727272727,93.82142857142857,519.0,785.0,26.0,29.0,9.07514450867052,27.06896551724138,10.3
V Kaverappa,0.0,,0.0,,118.80341880341881,19.727272727272727,93.82142857142857,24.0,36.0,1.0,2.0,9.0,18.0,9.0
V Kohli,8671.0,6702.0,259.0,231.0,129.37928976424948,37.53679653679654,147.2688422688423,264.0,371.0,26.0,4.0,8.431818181818182,92.75,9.133333333333333
V Nigam,142.0,82.0,8.0,5.0,173.17073170731706,28.4,137.54010695187168,244.0,361.0,13.0,11.0,8.87704918032787,32.81818181818182,9.2
V Pratap Singh,0.0,,0.0,,118.80341880341881,19.727272727272727,93.82142857142857,211.0,300.0,9.0,10.0,8.530805687203792,30.0,8.966666666666667
V Puthur,0.0,,0.0,,118.80341880341881,19.727272727272727,93.82142857142857,73.0,109.0,5.0,6.0,8.958904109589042,18.166666666666668,9.083333333333334
V Sehwag,2728.0,1833.0,104.0,98.0,148.82705946535734,27.836734693877553,51.66666666666667,138.0,236.0,15.0,6.0,10.26086956521739,39.333333333333336,10.26086956521739
V Shankar,1233.0,985.0,63.0,46.0,125.17766497461929,26.804347826086957,121.8295739348371,258.0,344.0,22.0,9.0,8.0,38.22222222222222,7.466666666666667
V Suryavanshi,252.0,129.0,7.0,7.0,195.3488372093023,36.0,171.624649859944,,,,0.0,8.529553786998122,31.396128841607563,9.1
V Viyaskanth,0.0,,0.0,,118.80341880341881,19.727272727272727,93.82142857142857,60.0,90.0,3.0,1.0,9.0,90.0,9.0
VG Arora,9.0,25.0,9.0,4.0,36.0,2.25,80.0,690.0,1029.0,32.0,36.0,8.947826086956521,28.583333333333332,10.633333333333333
VR Aaron,50.0,73.0,12.0,4.0,68.4931506849315,12.5,31.904761904761905,1065.0,1527.0,50.0,44.0,8.60281690140845,34.70454545454545,11.033333333333333
VR Iyer,1468.0,1107.0,56.0,50.0,132.61065943992773,29.36,146.388879722818,84.0,145.0,9.0,3.0,10.357142857142858,48.333333333333336,10.357142857142858
VRV Singh,0.0,,0.0,,118.80341880341881,19.727272727272727,93.82142857142857,371.0,549.0,18.0,12.0,8.878706199460916,45.75,10.433333333333334
VS Malik,0.0,,0.0,,118.80341880341881,19.727272727272727,93.82142857142857,212.0,268.0,13.0,6.0,7.584905660377358,44.666666666666664,7.333333333333333
VS Yeligati,0.0,,0.0,,118.80341880341881,19.727272727272727,93.82142857142857,32.0,61.0,2.0,0.0,11.4375,31.396128841607563,12.2
VVS Laxman,282.0,271.0,20.0,15.0,104.0590405904059,18.8,63.16524854455888,,,,0.0,8.529553786998122,31.396128841607563,9.1
VY Mahesh,0.0,,0.0,,118.80341880341881,19.727272727272727,93.82142857142857,359.0,511.0,17.0,21.0,8.540389972144846,24.333333333333332,9.0
Vijaykumar Vyshak,0.0,,0.0,,118.80341880341881,19.727272727272727,93.82142857142857,356.0,577.0,16.0,17.0,9.724719101123595,33.94117647058823,10.4
Vishnu Vinod,56.0,58.0,6.0,6.0,96.55172413793103,9.333333333333334,70.83333333333333,,,,0.0,8.529553786998122,31.396128841607563,9.1
Vivrant Sharma,0.0,,0.0,,118.80341880341881,19.727272727272727,93.82142857142857,21.0,37.0,2.0,0.0,10.571428571428571,31.396128841607563,12.333333333333334
W Jaffer,130.0,129.0,8.0,7.0,100.7751937984496,18.571428571428573,75.56156156156155,,,,0.0,8.529553786998122,31.396128841607563,9.1
W O'Rourke,0.0,,0.0,,118.80341880341881,19.727272727272727,93.82142857142857,64.0,132.0,3.0,6.0,12.375,22.0,12.0
WA Mota,56.0,76.0,8.0,5.0,73.68421052631578,11.2,65.72681704260651,75.0,98.0,7.0,4.0,7.84,24.5,8.166666666666666
WD Parnell,65.0,86.0,13.0,10.0,75.5813953488372,6.5,72.95238095238095,758.0,968.0,33.0,35.0,7.6622691292875995,27.65714285714286,8.766666666666667
WG Jacks,463.0,306.0,19.0,16.0,151.30718954248366,28.9375,155.87034894929633,145.0,221.0,13.0,8.0,9.144827586206896,27.625,9.608695652173912
WP Saha,2934.0,2368.0,143.0,121.0,123.90202702702702,24.24793388429752,84.01875901875903,,,,0.0,8.529553786998122,31.396128841607563,9.1
WPUJC Vaas,81.0,73.0,11.0,7.0,110.95890410958904,11.571428571428571,81.8076923076923,288.0,364.0,13.0,18.0,7.583333333333333,20.22222222222222,7.266666666666667
Washington Sundar,511.0,426.0,43.0,32.0,119.9530516431925,15.96875,132.89898580121707,1131.0,1447.0,63.0,39.0,7.676392572944297,37.1025641025641,9.6
XC Bartlett,0.0,,0.0,,118.80341880341881,19.727272727272727,93.82142857142857,60.0,96.0,4.0,2.0,9.6,48.0,9.6
Y Gnaneswara Rao,0.0,,0.0,,118.80341880341881,19.727272727272727,93.82142857142857,6.0,7.0,1.0,0.0,7.0,31.396128841607563,7.0
Y Nagar,285.0,271.0,20.0,15.0,105.1660516605166,19.0,93.00911854103343,72.0,125.0,8.0,4.0,10.416666666666666,31.25,11.363636363636363
Y Prithvi Raj,0.0,,0.0,,118.80341880341881,19.727272727272727,93.82142857142857,33.0,57.0,2.0,1.0,10.363636363636363,57.0,11.4
Y Venugopal Rao,985.0,865.0,52.0,42.0,113.87283236994219,23.452380952380953,167.3611111111111,222.0,338.0,20.0,6.0,9.135135135135135,56.333333333333336,9.4
YA Abdulla,0.0,,0.0,,118.80341880341881,19.727272727272727,93.82142857142857,222.0,311.0,11.0,15.0,8.405405405405405,20.733333333333334,8.766666666666667
YBK Jaiswal,2166.0,1454.0,66.0,62.0,148.96836313617607,34.935483870967744,188.60902255639098,1.0,6.0,1.0,0.0,36.0,31.396128841607563,6.0
YK Pathan,3222.0,2334.0,153.0,110.0,138.04627249357327,29.29090909090909,73.36363636363637,1184.0,1443.0,82.0,42.0,7.3125,34.357142857142854,8.433333333333334
YS Chahal,37.0,89.0,17.0,6.0,41.57303370786517,6.166666666666667,31.785714285714285,3905.0,5112.0,172.0,221.0,7.8545454545454545,23.131221719457013,8.766666666666667
YV Takawale,192.0,183.0,10.0,8.0,104.91803278688525,24.0,74.93914807302232,,,,0.0,8.529553786998122,31.396128841607563,9.1
Yash Dayal,0.0,,0.0,,118.80341880341881,19.727272727272727,93.82142857142857,920.0,1412.0,43.0,41.0,9.208695652173912,34.4390243902439,10.1
Yash Thakur,0.0,,0.0,,118.80341880341881,19.727272727272727,93.82142857142857,475.0,782.0,21.0,25.0,9.877894736842105,31.28,12.066666666666666
Yudhvir Singh,0.0,,0.0,,118.80341880341881,19.727272727272727,93.82142857142857,145.0,257.0,9.0,8.0,10.634482758620688,32.125,11.173913043478262
Yuvraj Singh,2754.0,2207.0,126.0,109.0,124.78477571363842,25.26605504587156,95.2179487179487,882.0,1091.0,73.0,36.0,7.421768707482993,30.305555555555557,8.333333333333334
Z Khan,117.0,141.0,27.0,15.0,82.97872340425532,7.8,62.525252525252526,2276.0,2860.0,99.0,102.0,7.539543057996485,28.03921568627451,7.8
Zeeshan Ansari,0.0,,0.0,,118.80341880341881,19.727272727272727,93.82142857142857,209.0,334.0,10.0,6.0,9.588516746411482,55.666666666666664,9.466666666666667
